"State.Name","County.Name","fips","Children.In.HH","Male","Owned","Seasonal.Housing","Single.Parent","Under.Eighteen","Vacant.Housing","Housing.Units","Senior","Median.Age","Pop2010","Regions","Divisions","Hispanic","Asian","Black","White","Year","Estimated.Population"
"New York","Albany","'36001'",26.7,48.3,57.5,1.2,8.9,19.9,7.1,137739,13.9,38.5,304204,"Northeast","Mid Atlantic",4.9,4.8,12,76,2000,295106
"New York","Allegany","'36003'",29.5,50.5,74.5,23.7,8.8,21.6,6.7,26140,15.2,37.8,48946,"Northeast","Mid Atlantic",1.4,0.9,1,95.4,2000,49819
"New York","Bronx","'36005'",40.4,46.9,19.3,0.2,20.6,26.6,5.3,511896,10.5,32.8,1385108,"Northeast","Mid Atlantic",53.5,3.4,30.1,10.9,2000,1334319
"New York","Broome","'36007'",26.7,49,64.8,2,9.2,20.2,7.2,90563,16.4,40.2,200600,"Northeast","Mid Atlantic",3.4,3.5,4.4,86.3,2000,200351
"New York","Cattaraugus","'36009'",29.5,49.5,72.2,14.7,10.1,23.4,6.8,41111,15.5,40.7,80317,"Northeast","Mid Atlantic",1.7,0.7,1.2,91.9,2000,83927
"New York","Cayuga","'36011'",29.5,51,71.1,7.9,10,21.6,5.9,36489,15.3,41.5,80026,"Northeast","Mid Atlantic",2.4,0.5,3.8,91.3,2000,81871
"New York","Chautauqua","'36013'",28.4,49.3,68,11.3,9.9,21.8,7.6,66920,16.6,40.9,134905,"Northeast","Mid Atlantic",6.1,0.5,2,89.3,2000,139593
"New York","Chemung","'36015'",30.2,49.7,67.7,1,11.1,22.4,6.6,38369,15.7,40.9,88830,"Northeast","Mid Atlantic",2.5,1.2,6.2,87.4,2000,91094
"New York","Chenango","'36017'",30.1,49.8,75,10.5,10.1,22.7,6.8,24710,16.6,42.9,50477,"Northeast","Mid Atlantic",1.8,0.4,0.6,95.6,2000,51325
"New York","Clinton","'36019'",28.9,51.3,68.3,6.2,9.4,19.3,5.7,35888,13.3,39.1,82128,"Northeast","Mid Atlantic",2.5,1.1,3.6,91.1,2000,79891
"New York","Columbia","'36021'",27.3,50.3,71.6,13.8,8.4,20.3,7.1,32775,18.2,45.3,63096,"Northeast","Mid Atlantic",3.9,1.6,4.3,88.2,2000,63046
"New York","Cortland","'36023'",29.7,48.8,64.9,3.8,10,21.1,5.5,20577,13.1,35.8,49336,"Northeast","Mid Atlantic",2.2,0.8,1.4,93.7,2000,48693
"New York","Delaware","'36025'",25.4,50.2,74.2,29.7,8.4,19.6,6.5,31222,19.4,45.4,47980,"Northeast","Mid Atlantic",3.3,0.8,1.4,93.2,2000,47864
"New York","Dutchess","'36027'",33.1,49.8,69.5,3,8,22.2,6,118638,13.5,40.2,297488,"Northeast","Mid Atlantic",10.5,3.5,9.2,74.6,2000,280914
"New York","Erie","'36029'",28,48.2,64.8,0.7,9.6,21.6,8,419974,15.7,40.4,919040,"Northeast","Mid Atlantic",4.5,2.6,13,77.7,2000,949440
"New York","Essex","'36031'",25.7,51.8,73.7,29.9,7.7,19.3,6.6,25603,18.1,44.5,39370,"Northeast","Mid Atlantic",2.5,0.7,2.5,92.9,2000,38911
"New York","Franklin","'36033'",30.2,54.9,71.4,17.5,11.2,20.8,7.1,25306,13.3,39.3,51599,"Northeast","Mid Atlantic",2.9,0.4,5.5,82.6,2000,51044
"New York","Fulton","'36035'",30.1,49.5,70.9,13.7,11.3,22.2,7.4,28562,16,41.8,55531,"Northeast","Mid Atlantic",2.3,0.6,1.8,93.8,2000,54976
"New York","Genesee","'36037'",30.2,49.5,71.9,1.1,9,22.1,6.1,25589,15.6,41.5,60079,"Northeast","Mid Atlantic",2.7,0.6,2.5,91.5,2000,60539
"New York","Greene","'36039'",26.5,52.2,72.5,23.2,8.1,19.3,8.9,29210,17.3,44,49221,"Northeast","Mid Atlantic",4.9,0.8,5.3,87.1,2000,47986
"New York","Hamilton","'36041'",19.8,50.6,80.7,71.1,5.6,16.4,2.9,8694,23.4,51.3,4836,"Northeast","Mid Atlantic",1.1,0.5,0.7,96.4,2000,5377
"New York","Herkimer","'36043'",29.1,48.9,71.3,14.1,9.4,22.2,7.1,33381,16.8,42.1,64519,"Northeast","Mid Atlantic",1.6,0.5,1,95.6,2000,64451
"New York","Jefferson","'36045'",36.5,50.9,58.2,18.7,11.3,25.5,6.4,57966,11.2,32.6,116229,"Northeast","Mid Atlantic",5.3,1.3,4.7,85.8,2000,111790
"New York","Kings","'36047'",33.3,47.2,27.7,0.4,11.7,23.7,8,1000293,11.5,34.1,2504700,"Northeast","Mid Atlantic",19.8,10.4,31.9,35.7,2000,2467006
"New York","Lewis","'36049'",32.3,50.3,77,25.2,8.3,24.7,5.2,15112,15,40.2,27087,"Northeast","Mid Atlantic",1.3,0.3,0.6,96.8,2000,26989
"New York","Livingston","'36051'",29.7,50.2,73.1,4.8,8.7,20.2,5.2,27123,13.7,39.8,65393,"Northeast","Mid Atlantic",2.8,1.2,2.3,92.2,2000,64705
"New York","Madison","'36053'",31,49.1,73.8,6.8,9.3,21.8,5.8,31757,13.9,39.5,73442,"Northeast","Mid Atlantic",1.8,0.8,1.7,93.8,2000,69450
"New York","Monroe","'36055'",30.2,48.2,64.3,0.5,10.5,22.7,5.8,320593,13.9,38.5,744344,"Northeast","Mid Atlantic",7.3,3.2,14.4,72.8,2000,738979
"New York","Montgomery","'36057'",29.9,48.7,67,1.4,11.4,23.5,10.7,23063,16.6,40.8,50219,"Northeast","Mid Atlantic",11.3,0.7,1.4,85.1,2000,49605
"New York","Nassau","'36059'",36.8,48.4,79.9,0.9,6,23.3,3.4,468346,15.3,41.1,1339532,"Northeast","Mid Atlantic",14.6,7.6,10.5,65.5,2000,1336713
"New York","New York","'36061'",18.2,46.9,22.8,3.3,6.2,14.8,6.5,847090,13.5,36.4,1585873,"Northeast","Mid Atlantic",25.4,11.2,12.9,48,2000,1540547
"New York","Niagara","'36063'",28.3,48.5,69.1,1.1,9.7,21.5,7.5,99120,15.9,41.9,216469,"Northeast","Mid Atlantic",2.2,0.8,6.7,87.3,2000,219620
"New York","Oneida","'36065'",29.5,49.8,66.7,3.3,10.4,21.9,7.4,104180,16.3,40.8,234878,"Northeast","Mid Atlantic",4.6,2.8,5.8,84.8,2000,235146
"New York","Onondaga","'36067'",30.6,48.1,64.7,1.2,10.5,23,6,202357,14,38.6,467026,"Northeast","Mid Atlantic",4,3.1,10.4,79.2,2000,458034
"New York","Ontario","'36069'",30.5,48.9,73.1,5.4,8.6,22.5,5.3,48193,15.4,42.1,107931,"Northeast","Mid Atlantic",3.4,1,2.1,91.8,2000,100106
"New York","Orange","'36071'",39.9,50,68.9,1.8,9.4,27.2,6.3,137025,11,36.6,372813,"Northeast","Mid Atlantic",18,2.3,9.1,68.2,2000,342892
"New York","Orleans","'36073'",31.2,49.5,75.3,5.8,10.5,22.2,6.1,18431,14.4,41,42883,"Northeast","Mid Atlantic",4.1,0.4,5.5,87.8,2000,44178
"New York","Oswego","'36075'",33,49.8,72.2,7,11.2,23.1,6.3,53598,12.6,38.5,122109,"Northeast","Mid Atlantic",2.1,0.6,0.7,95.1,2000,122477
"New York","Otsego","'36077'",25.6,48.4,72.6,11.8,7.6,18.7,8.2,30777,16.5,40.9,62259,"Northeast","Mid Atlantic",3.1,1.1,1.5,92.7,2000,61860
"New York","Putnam","'36079'",37.2,49.9,81.9,3.7,6,23.7,4.6,38224,12.5,41.9,99710,"Northeast","Mid Atlantic",11.7,1.8,2.1,82.9,2000,96049
"New York","Queens","'36081'",33.4,48.4,43,0.7,8.8,20.7,5.9,835127,12.8,37.2,2230722,"Northeast","Mid Atlantic",27.5,22.8,17.7,27.6,2000,2230501
"New York","Rensselaer","'36083'",29.2,49.4,63.9,2.1,10.1,21.3,7.4,71475,13.6,39.2,159429,"Northeast","Mid Atlantic",3.8,2.2,6,85.7,2000,152684
"New York","Richmond","'36085'",35.6,48.5,64.1,0.4,8.6,23.3,5.9,176656,12.7,38.4,468730,"Northeast","Mid Atlantic",17.3,7.4,9.5,64,2000,445235
"New York","Rockland","'36087'",39.5,49,69.3,0.6,6.5,28.1,4,104057,13.4,36.7,311687,"Northeast","Mid Atlantic",15.7,6.1,11.1,65.3,2000,287720
"New York","St. Lawrence","'36089'",29.7,50.8,70.8,14.5,10,21.3,5.7,52133,13.9,37.5,111944,"Northeast","Mid Atlantic",1.9,1,2,92.9,2000,111864
"New York","Saratoga","'36091'",31.5,49.2,72.7,5.6,7.5,22.7,4.9,98656,13.7,40.9,219607,"Northeast","Mid Atlantic",2.4,1.8,1.4,92.7,2000,201514
"New York","Schenectady","'36093'",30.6,48.4,64.8,0.6,10.7,22.9,7.2,68196,14.9,39.8,154727,"Northeast","Mid Atlantic",5.7,3.2,8.7,77.2,2000,146581
"New York","Schoharie","'36095'",27.3,50,75.1,17.1,7.8,19.9,6.5,17231,15.9,42.5,32749,"Northeast","Mid Atlantic",2.8,0.7,1.2,93.9,2000,31514
"New York","Schuyler","'36097'",28.1,49.7,76.1,14.1,8.3,21.2,6.3,9455,17,44.2,18343,"Northeast","Mid Atlantic",1.3,0.3,0.8,96.2,2000,19232
"New York","Seneca","'36099'",28.7,52.4,73.4,9.9,9.2,21.3,6.6,16043,15.5,41,35251,"Northeast","Mid Atlantic",2.7,0.7,4.3,90.8,2000,33343
"New York","Steuben","'36101'",30.3,49.6,72.1,11,9.9,23.4,6.4,48875,15.9,41.4,98990,"Northeast","Mid Atlantic",1.4,1.2,1.5,94.4,2000,98764
"New York","Suffolk","'36103'",37.6,49.2,78.7,8.2,7.2,24,4.1,569985,13.5,39.8,1493350,"Northeast","Mid Atlantic",16.5,3.4,6.8,71.6,2000,1424081
"New York","Sullivan","'36105'",30.5,51.1,67,29.2,10.7,22.7,9.5,49186,14.8,41.7,77547,"Northeast","Mid Atlantic",13.6,1.3,8.2,74.5,2000,74134
"New York","Tioga","'36107'",31.4,49.6,77.7,2.5,8.9,23.4,5.8,22203,15.7,42.5,51125,"Northeast","Mid Atlantic",1.4,0.7,0.7,96,2000,51838
"New York","Tompkins","'36109'",24.2,49.3,54.1,1.6,7.4,16.4,4.9,41674,10.8,29.8,101564,"Northeast","Mid Atlantic",4.2,8.5,3.7,80.2,2000,96608
"New York","Ulster","'36111'",29.2,49.8,68.7,8.1,8.9,20.2,6.8,83638,14.8,42,182493,"Northeast","Mid Atlantic",8.7,1.7,5.5,81.7,2000,177810
"New York","Warren","'36113'",27.6,48.8,69.3,22.2,8.7,20.6,5.5,38726,17.1,44.1,65707,"Northeast","Mid Atlantic",1.8,0.7,0.8,95.2,2000,63273
"New York","Washington","'36115'",30.2,51.8,73.4,10,9.4,21.1,6.3,28844,15.4,41.7,63216,"Northeast","Mid Atlantic",2.3,0.4,2.7,93.3,2000,60977
"New York","Wayne","'36117'",32.6,49.6,76.8,4.5,9.7,23.8,6,41057,14.3,41.6,93772,"Northeast","Mid Atlantic",3.7,0.5,2.9,91,2000,93791
"New York","Westchester","'36119'",35.3,48.1,61.6,0.9,8,24,5.5,370821,14.7,40,949113,"Northeast","Mid Atlantic",21.8,5.4,13.3,57.4,2000,925511
"New York","Wyoming","'36121'",30,54.4,75.9,7.6,8.4,20.6,6.1,17970,13.6,40.9,42155,"Northeast","Mid Atlantic",3,0.4,5.3,90.2,2000,43399
"New York","Yates","'36123'",29.4,48.4,75.6,24,8.6,24.5,5.4,13491,16.6,40.7,25348,"Northeast","Mid Atlantic",1.7,0.4,0.8,96.1,2000,24723
"New York","Albany","'36001'",26.7,48.3,57.5,1.2,8.9,19.9,7.1,137739,13.9,38.5,304204,"Northeast","Mid Atlantic",4.9,4.8,12,76,2001,296232
"New York","Allegany","'36003'",29.5,50.5,74.5,23.7,8.8,21.6,6.7,26140,15.2,37.8,48946,"Northeast","Mid Atlantic",1.4,0.9,1,95.4,2001,50079
"New York","Bronx","'36005'",40.4,46.9,19.3,0.2,20.6,26.6,5.3,511896,10.5,32.8,1385108,"Northeast","Mid Atlantic",53.5,3.4,30.1,10.9,2001,1346555
"New York","Broome","'36007'",26.7,49,64.8,2,9.2,20.2,7.2,90563,16.4,40.2,200600,"Northeast","Mid Atlantic",3.4,3.5,4.4,86.3,2001,200868
"New York","Cattaraugus","'36009'",29.5,49.5,72.2,14.7,10.1,23.4,6.8,41111,15.5,40.7,80317,"Northeast","Mid Atlantic",1.7,0.7,1.2,91.9,2001,83346
"New York","Cayuga","'36011'",29.5,51,71.1,7.9,10,21.6,5.9,36489,15.3,41.5,80026,"Northeast","Mid Atlantic",2.4,0.5,3.8,91.3,2001,81313
"New York","Chautauqua","'36013'",28.4,49.3,68,11.3,9.9,21.8,7.6,66920,16.6,40.9,134905,"Northeast","Mid Atlantic",6.1,0.5,2,89.3,2001,138730
"New York","Chemung","'36015'",30.2,49.7,67.7,1,11.1,22.4,6.6,38369,15.7,40.9,88830,"Northeast","Mid Atlantic",2.5,1.2,6.2,87.4,2001,90780
"New York","Chenango","'36017'",30.1,49.8,75,10.5,10.1,22.7,6.8,24710,16.6,42.9,50477,"Northeast","Mid Atlantic",1.8,0.4,0.6,95.6,2001,51109
"New York","Clinton","'36019'",28.9,51.3,68.3,6.2,9.4,19.3,5.7,35888,13.3,39.1,82128,"Northeast","Mid Atlantic",2.5,1.1,3.6,91.1,2001,80320
"New York","Columbia","'36021'",27.3,50.3,71.6,13.8,8.4,20.3,7.1,32775,18.2,45.3,63096,"Northeast","Mid Atlantic",3.9,1.6,4.3,88.2,2001,62953
"New York","Cortland","'36023'",29.7,48.8,64.9,3.8,10,21.1,5.5,20577,13.1,35.8,49336,"Northeast","Mid Atlantic",2.2,0.8,1.4,93.7,2001,48903
"New York","Delaware","'36025'",25.4,50.2,74.2,29.7,8.4,19.6,6.5,31222,19.4,45.4,47980,"Northeast","Mid Atlantic",3.3,0.8,1.4,93.2,2001,47771
"New York","Dutchess","'36027'",33.1,49.8,69.5,3,8,22.2,6,118638,13.5,40.2,297488,"Northeast","Mid Atlantic",10.5,3.5,9.2,74.6,2001,284712
"New York","Erie","'36029'",28,48.2,64.8,0.7,9.6,21.6,8,419974,15.7,40.4,919040,"Northeast","Mid Atlantic",4.5,2.6,13,77.7,2001,946515
"New York","Essex","'36031'",25.7,51.8,73.7,29.9,7.7,19.3,6.6,25603,18.1,44.5,39370,"Northeast","Mid Atlantic",2.5,0.7,2.5,92.9,2001,38893
"New York","Franklin","'36033'",30.2,54.9,71.4,17.5,11.2,20.8,7.1,25306,13.3,39.3,51599,"Northeast","Mid Atlantic",2.9,0.4,5.5,82.6,2001,50925
"New York","Fulton","'36035'",30.1,49.5,70.9,13.7,11.3,22.2,7.4,28562,16,41.8,55531,"Northeast","Mid Atlantic",2.3,0.6,1.8,93.8,2001,54904
"New York","Genesee","'36037'",30.2,49.5,71.9,1.1,9,22.1,6.1,25589,15.6,41.5,60079,"Northeast","Mid Atlantic",2.7,0.6,2.5,91.5,2001,60321
"New York","Greene","'36039'",26.5,52.2,72.5,23.2,8.1,19.3,8.9,29210,17.3,44,49221,"Northeast","Mid Atlantic",4.9,0.8,5.3,87.1,2001,47976
"New York","Hamilton","'36041'",19.8,50.6,80.7,71.1,5.6,16.4,2.9,8694,23.4,51.3,4836,"Northeast","Mid Atlantic",1.1,0.5,0.7,96.4,2001,5312
"New York","Herkimer","'36043'",29.1,48.9,71.3,14.1,9.4,22.2,7.1,33381,16.8,42.1,64519,"Northeast","Mid Atlantic",1.6,0.5,1,95.6,2001,64274
"New York","Jefferson","'36045'",36.5,50.9,58.2,18.7,11.3,25.5,6.4,57966,11.2,32.6,116229,"Northeast","Mid Atlantic",5.3,1.3,4.7,85.8,2001,111422
"New York","Kings","'36047'",33.3,47.2,27.7,0.4,11.7,23.7,8,1000293,11.5,34.1,2504700,"Northeast","Mid Atlantic",19.8,10.4,31.9,35.7,2001,2477252
"New York","Lewis","'36049'",32.3,50.3,77,25.2,8.3,24.7,5.2,15112,15,40.2,27087,"Northeast","Mid Atlantic",1.3,0.3,0.6,96.8,2001,26951
"New York","Livingston","'36051'",29.7,50.2,73.1,4.8,8.7,20.2,5.2,27123,13.7,39.8,65393,"Northeast","Mid Atlantic",2.8,1.2,2.3,92.2,2001,65088
"New York","Madison","'36053'",31,49.1,73.8,6.8,9.3,21.8,5.8,31757,13.9,39.5,73442,"Northeast","Mid Atlantic",1.8,0.8,1.7,93.8,2001,69852
"New York","Monroe","'36055'",30.2,48.2,64.3,0.5,10.5,22.7,5.8,320593,13.9,38.5,744344,"Northeast","Mid Atlantic",7.3,3.2,14.4,72.8,2001,739891
"New York","Montgomery","'36057'",29.9,48.7,67,1.4,11.4,23.5,10.7,23063,16.6,40.8,50219,"Northeast","Mid Atlantic",11.3,0.7,1.4,85.1,2001,49472
"New York","Nassau","'36059'",36.8,48.4,79.9,0.9,6,23.3,3.4,468346,15.3,41.1,1339532,"Northeast","Mid Atlantic",14.6,7.6,10.5,65.5,2001,1337086
"New York","New York","'36061'",18.2,46.9,22.8,3.3,6.2,14.8,6.5,847090,13.5,36.4,1585873,"Northeast","Mid Atlantic",25.4,11.2,12.9,48,2001,1555729
"New York","Niagara","'36063'",28.3,48.5,69.1,1.1,9.7,21.5,7.5,99120,15.9,41.9,216469,"Northeast","Mid Atlantic",2.2,0.8,6.7,87.3,2001,218552
"New York","Oneida","'36065'",29.5,49.8,66.7,3.3,10.4,21.9,7.4,104180,16.3,40.8,234878,"Northeast","Mid Atlantic",4.6,2.8,5.8,84.8,2001,234247
"New York","Onondaga","'36067'",30.6,48.1,64.7,1.2,10.5,23,6,202357,14,38.6,467026,"Northeast","Mid Atlantic",4,3.1,10.4,79.2,2001,458576
"New York","Ontario","'36069'",30.5,48.9,73.1,5.4,8.6,22.5,5.3,48193,15.4,42.1,107931,"Northeast","Mid Atlantic",3.4,1,2.1,91.8,2001,100819
"New York","Orange","'36071'",39.9,50,68.9,1.8,9.4,27.2,6.3,137025,11,36.6,372813,"Northeast","Mid Atlantic",18,2.3,9.1,68.2,2001,347674
"New York","Orleans","'36073'",31.2,49.5,75.3,5.8,10.5,22.2,6.1,18431,14.4,41,42883,"Northeast","Mid Atlantic",4.1,0.4,5.5,87.8,2001,43898
"New York","Oswego","'36075'",33,49.8,72.2,7,11.2,23.1,6.3,53598,12.6,38.5,122109,"Northeast","Mid Atlantic",2.1,0.6,0.7,95.1,2001,122269
"New York","Otsego","'36077'",25.6,48.4,72.6,11.8,7.6,18.7,8.2,30777,16.5,40.9,62259,"Northeast","Mid Atlantic",3.1,1.1,1.5,92.7,2001,61924
"New York","Putnam","'36079'",37.2,49.9,81.9,3.7,6,23.7,4.6,38224,12.5,41.9,99710,"Northeast","Mid Atlantic",11.7,1.8,2.1,82.9,2001,97055
"New York","Queens","'36081'",33.4,48.4,43,0.7,8.8,20.7,5.9,835127,12.8,37.2,2230722,"Northeast","Mid Atlantic",27.5,22.8,17.7,27.6,2001,2231316
"New York","Rensselaer","'36083'",29.2,49.4,63.9,2.1,10.1,21.3,7.4,71475,13.6,39.2,159429,"Northeast","Mid Atlantic",3.8,2.2,6,85.7,2001,152700
"New York","Richmond","'36085'",35.6,48.5,64.1,0.4,8.6,23.3,5.9,176656,12.7,38.4,468730,"Northeast","Mid Atlantic",17.3,7.4,9.5,64,2001,448961
"New York","Rockland","'36087'",39.5,49,69.3,0.6,6.5,28.1,4,104057,13.4,36.7,311687,"Northeast","Mid Atlantic",15.7,6.1,11.1,65.3,2001,290613
"New York","St. Lawrence","'36089'",29.7,50.8,70.8,14.5,10,21.3,5.7,52133,13.9,37.5,111944,"Northeast","Mid Atlantic",1.9,1,2,92.9,2001,111497
"New York","Saratoga","'36091'",31.5,49.2,72.7,5.6,7.5,22.7,4.9,98656,13.7,40.9,219607,"Northeast","Mid Atlantic",2.4,1.8,1.4,92.7,2001,203974
"New York","Schenectady","'36093'",30.6,48.4,64.8,0.6,10.7,22.9,7.2,68196,14.9,39.8,154727,"Northeast","Mid Atlantic",5.7,3.2,8.7,77.2,2001,146334
"New York","Schoharie","'36095'",27.3,50,75.1,17.1,7.8,19.9,6.5,17231,15.9,42.5,32749,"Northeast","Mid Atlantic",2.8,0.7,1.2,93.9,2001,31794
"New York","Schuyler","'36097'",28.1,49.7,76.1,14.1,8.3,21.2,6.3,9455,17,44.2,18343,"Northeast","Mid Atlantic",1.3,0.3,0.8,96.2,2001,19175
"New York","Seneca","'36099'",28.7,52.4,73.4,9.9,9.2,21.3,6.6,16043,15.5,41,35251,"Northeast","Mid Atlantic",2.7,0.7,4.3,90.8,2001,34764
"New York","Steuben","'36101'",30.3,49.6,72.1,11,9.9,23.4,6.4,48875,15.9,41.4,98990,"Northeast","Mid Atlantic",1.4,1.2,1.5,94.4,2001,99216
"New York","Suffolk","'36103'",37.6,49.2,78.7,8.2,7.2,24,4.1,569985,13.5,39.8,1493350,"Northeast","Mid Atlantic",16.5,3.4,6.8,71.6,2001,1442488
"New York","Sullivan","'36105'",30.5,51.1,67,29.2,10.7,22.7,9.5,49186,14.8,41.7,77547,"Northeast","Mid Atlantic",13.6,1.3,8.2,74.5,2001,74143
"New York","Tioga","'36107'",31.4,49.6,77.7,2.5,8.9,23.4,5.8,22203,15.7,42.5,51125,"Northeast","Mid Atlantic",1.4,0.7,0.7,96,2001,51712
"New York","Tompkins","'36109'",24.2,49.3,54.1,1.6,7.4,16.4,4.9,41674,10.8,29.8,101564,"Northeast","Mid Atlantic",4.2,8.5,3.7,80.2,2001,97458
"New York","Ulster","'36111'",29.2,49.8,68.7,8.1,8.9,20.2,6.8,83638,14.8,42,182493,"Northeast","Mid Atlantic",8.7,1.7,5.5,81.7,2001,178440
"New York","Warren","'36113'",27.6,48.8,69.3,22.2,8.7,20.6,5.5,38726,17.1,44.1,65707,"Northeast","Mid Atlantic",1.8,0.7,0.8,95.2,2001,63406
"New York","Washington","'36115'",30.2,51.8,73.4,10,9.4,21.1,6.3,28844,15.4,41.7,63216,"Northeast","Mid Atlantic",2.3,0.4,2.7,93.3,2001,61142
"New York","Wayne","'36117'",32.6,49.6,76.8,4.5,9.7,23.8,6,41057,14.3,41.6,93772,"Northeast","Mid Atlantic",3.7,0.5,2.9,91,2001,93794
"New York","Westchester","'36119'",35.3,48.1,61.6,0.9,8,24,5.5,370821,14.7,40,949113,"Northeast","Mid Atlantic",21.8,5.4,13.3,57.4,2001,931577
"New York","Wyoming","'36121'",30,54.4,75.9,7.6,8.4,20.6,6.1,17970,13.6,40.9,42155,"Northeast","Mid Atlantic",3,0.4,5.3,90.2,2001,43061
"New York","Yates","'36123'",29.4,48.4,75.6,24,8.6,24.5,5.4,13491,16.6,40.7,25348,"Northeast","Mid Atlantic",1.7,0.4,0.8,96.1,2001,24725
"New York","Albany","'36001'",26.7,48.3,57.5,1.2,8.9,19.9,7.1,137739,13.9,38.5,304204,"Northeast","Mid Atlantic",4.9,4.8,12,76,2002,298283
"New York","Allegany","'36003'",29.5,50.5,74.5,23.7,8.8,21.6,6.7,26140,15.2,37.8,48946,"Northeast","Mid Atlantic",1.4,0.9,1,95.4,2002,50014
"New York","Bronx","'36005'",40.4,46.9,19.3,0.2,20.6,26.6,5.3,511896,10.5,32.8,1385108,"Northeast","Mid Atlantic",53.5,3.4,30.1,10.9,2002,1358739
"New York","Broome","'36007'",26.7,49,64.8,2,9.2,20.2,7.2,90563,16.4,40.2,200600,"Northeast","Mid Atlantic",3.4,3.5,4.4,86.3,2002,201438
"New York","Cattaraugus","'36009'",29.5,49.5,72.2,14.7,10.1,23.4,6.8,41111,15.5,40.7,80317,"Northeast","Mid Atlantic",1.7,0.7,1.2,91.9,2002,83301
"New York","Cayuga","'36011'",29.5,51,71.1,7.9,10,21.6,5.9,36489,15.3,41.5,80026,"Northeast","Mid Atlantic",2.4,0.5,3.8,91.3,2002,81401
"New York","Chautauqua","'36013'",28.4,49.3,68,11.3,9.9,21.8,7.6,66920,16.6,40.9,134905,"Northeast","Mid Atlantic",6.1,0.5,2,89.3,2002,138346
"New York","Chemung","'36015'",30.2,49.7,67.7,1,11.1,22.4,6.6,38369,15.7,40.9,88830,"Northeast","Mid Atlantic",2.5,1.2,6.2,87.4,2002,90613
"New York","Chenango","'36017'",30.1,49.8,75,10.5,10.1,22.7,6.8,24710,16.6,42.9,50477,"Northeast","Mid Atlantic",1.8,0.4,0.6,95.6,2002,51205
"New York","Clinton","'36019'",28.9,51.3,68.3,6.2,9.4,19.3,5.7,35888,13.3,39.1,82128,"Northeast","Mid Atlantic",2.5,1.1,3.6,91.1,2002,80707
"New York","Columbia","'36021'",27.3,50.3,71.6,13.8,8.4,20.3,7.1,32775,18.2,45.3,63096,"Northeast","Mid Atlantic",3.9,1.6,4.3,88.2,2002,63182
"New York","Cortland","'36023'",29.7,48.8,64.9,3.8,10,21.1,5.5,20577,13.1,35.8,49336,"Northeast","Mid Atlantic",2.2,0.8,1.4,93.7,2002,48891
"New York","Delaware","'36025'",25.4,50.2,74.2,29.7,8.4,19.6,6.5,31222,19.4,45.4,47980,"Northeast","Mid Atlantic",3.3,0.8,1.4,93.2,2002,47666
"New York","Dutchess","'36027'",33.1,49.8,69.5,3,8,22.2,6,118638,13.5,40.2,297488,"Northeast","Mid Atlantic",10.5,3.5,9.2,74.6,2002,287700
"New York","Erie","'36029'",28,48.2,64.8,0.7,9.6,21.6,8,419974,15.7,40.4,919040,"Northeast","Mid Atlantic",4.5,2.6,13,77.7,2002,943551
"New York","Essex","'36031'",25.7,51.8,73.7,29.9,7.7,19.3,6.6,25603,18.1,44.5,39370,"Northeast","Mid Atlantic",2.5,0.7,2.5,92.9,2002,39195
"New York","Franklin","'36033'",30.2,54.9,71.4,17.5,11.2,20.8,7.1,25306,13.3,39.3,51599,"Northeast","Mid Atlantic",2.9,0.4,5.5,82.6,2002,50924
"New York","Fulton","'36035'",30.1,49.5,70.9,13.7,11.3,22.2,7.4,28562,16,41.8,55531,"Northeast","Mid Atlantic",2.3,0.6,1.8,93.8,2002,54988
"New York","Genesee","'36037'",30.2,49.5,71.9,1.1,9,22.1,6.1,25589,15.6,41.5,60079,"Northeast","Mid Atlantic",2.7,0.6,2.5,91.5,2002,60289
"New York","Greene","'36039'",26.5,52.2,72.5,23.2,8.1,19.3,8.9,29210,17.3,44,49221,"Northeast","Mid Atlantic",4.9,0.8,5.3,87.1,2002,48177
"New York","Hamilton","'36041'",19.8,50.6,80.7,71.1,5.6,16.4,2.9,8694,23.4,51.3,4836,"Northeast","Mid Atlantic",1.1,0.5,0.7,96.4,2002,5232
"New York","Herkimer","'36043'",29.1,48.9,71.3,14.1,9.4,22.2,7.1,33381,16.8,42.1,64519,"Northeast","Mid Atlantic",1.6,0.5,1,95.6,2002,63971
"New York","Jefferson","'36045'",36.5,50.9,58.2,18.7,11.3,25.5,6.4,57966,11.2,32.6,116229,"Northeast","Mid Atlantic",5.3,1.3,4.7,85.8,2002,111112
"New York","Kings","'36047'",33.3,47.2,27.7,0.4,11.7,23.7,8,1000293,11.5,34.1,2504700,"Northeast","Mid Atlantic",19.8,10.4,31.9,35.7,2002,2480559
"New York","Lewis","'36049'",32.3,50.3,77,25.2,8.3,24.7,5.2,15112,15,40.2,27087,"Northeast","Mid Atlantic",1.3,0.3,0.6,96.8,2002,26618
"New York","Livingston","'36051'",29.7,50.2,73.1,4.8,8.7,20.2,5.2,27123,13.7,39.8,65393,"Northeast","Mid Atlantic",2.8,1.2,2.3,92.2,2002,65118
"New York","Madison","'36053'",31,49.1,73.8,6.8,9.3,21.8,5.8,31757,13.9,39.5,73442,"Northeast","Mid Atlantic",1.8,0.8,1.7,93.8,2002,70261
"New York","Monroe","'36055'",30.2,48.2,64.3,0.5,10.5,22.7,5.8,320593,13.9,38.5,744344,"Northeast","Mid Atlantic",7.3,3.2,14.4,72.8,2002,741391
"New York","Montgomery","'36057'",29.9,48.7,67,1.4,11.4,23.5,10.7,23063,16.6,40.8,50219,"Northeast","Mid Atlantic",11.3,0.7,1.4,85.1,2002,49298
"New York","Nassau","'36059'",36.8,48.4,79.9,0.9,6,23.3,3.4,468346,15.3,41.1,1339532,"Northeast","Mid Atlantic",14.6,7.6,10.5,65.5,2002,1339572
"New York","New York","'36061'",18.2,46.9,22.8,3.3,6.2,14.8,6.5,847090,13.5,36.4,1585873,"Northeast","Mid Atlantic",25.4,11.2,12.9,48,2002,1555382
"New York","Niagara","'36063'",28.3,48.5,69.1,1.1,9.7,21.5,7.5,99120,15.9,41.9,216469,"Northeast","Mid Atlantic",2.2,0.8,6.7,87.3,2002,218127
"New York","Oneida","'36065'",29.5,49.8,66.7,3.3,10.4,21.9,7.4,104180,16.3,40.8,234878,"Northeast","Mid Atlantic",4.6,2.8,5.8,84.8,2002,234078
"New York","Onondaga","'36067'",30.6,48.1,64.7,1.2,10.5,23,6,202357,14,38.6,467026,"Northeast","Mid Atlantic",4,3.1,10.4,79.2,2002,459484
"New York","Ontario","'36069'",30.5,48.9,73.1,5.4,8.6,22.5,5.3,48193,15.4,42.1,107931,"Northeast","Mid Atlantic",3.4,1,2.1,91.8,2002,101763
"New York","Orange","'36071'",39.9,50,68.9,1.8,9.4,27.2,6.3,137025,11,36.6,372813,"Northeast","Mid Atlantic",18,2.3,9.1,68.2,2002,352975
"New York","Orleans","'36073'",31.2,49.5,75.3,5.8,10.5,22.2,6.1,18431,14.4,41,42883,"Northeast","Mid Atlantic",4.1,0.4,5.5,87.8,2002,43660
"New York","Oswego","'36075'",33,49.8,72.2,7,11.2,23.1,6.3,53598,12.6,38.5,122109,"Northeast","Mid Atlantic",2.1,0.6,0.7,95.1,2002,122496
"New York","Otsego","'36077'",25.6,48.4,72.6,11.8,7.6,18.7,8.2,30777,16.5,40.9,62259,"Northeast","Mid Atlantic",3.1,1.1,1.5,92.7,2002,62093
"New York","Putnam","'36079'",37.2,49.9,81.9,3.7,6,23.7,4.6,38224,12.5,41.9,99710,"Northeast","Mid Atlantic",11.7,1.8,2.1,82.9,2002,98263
"New York","Queens","'36081'",33.4,48.4,43,0.7,8.8,20.7,5.9,835127,12.8,37.2,2230722,"Northeast","Mid Atlantic",27.5,22.8,17.7,27.6,2002,2224507
"New York","Rensselaer","'36083'",29.2,49.4,63.9,2.1,10.1,21.3,7.4,71475,13.6,39.2,159429,"Northeast","Mid Atlantic",3.8,2.2,6,85.7,2002,153040
"New York","Richmond","'36085'",35.6,48.5,64.1,0.4,8.6,23.3,5.9,176656,12.7,38.4,468730,"Northeast","Mid Atlantic",17.3,7.4,9.5,64,2002,452813
"New York","Rockland","'36087'",39.5,49,69.3,0.6,6.5,28.1,4,104057,13.4,36.7,311687,"Northeast","Mid Atlantic",15.7,6.1,11.1,65.3,2002,293728
"New York","St. Lawrence","'36089'",29.7,50.8,70.8,14.5,10,21.3,5.7,52133,13.9,37.5,111944,"Northeast","Mid Atlantic",1.9,1,2,92.9,2002,111292
"New York","Saratoga","'36091'",31.5,49.2,72.7,5.6,7.5,22.7,4.9,98656,13.7,40.9,219607,"Northeast","Mid Atlantic",2.4,1.8,1.4,92.7,2002,206446
"New York","Schenectady","'36093'",30.6,48.4,64.8,0.6,10.7,22.9,7.2,68196,14.9,39.8,154727,"Northeast","Mid Atlantic",5.7,3.2,8.7,77.2,2002,147199
"New York","Schoharie","'36095'",27.3,50,75.1,17.1,7.8,19.9,6.5,17231,15.9,42.5,32749,"Northeast","Mid Atlantic",2.8,0.7,1.2,93.9,2002,31785
"New York","Schuyler","'36097'",28.1,49.7,76.1,14.1,8.3,21.2,6.3,9455,17,44.2,18343,"Northeast","Mid Atlantic",1.3,0.3,0.8,96.2,2002,19179
"New York","Seneca","'36099'",28.7,52.4,73.4,9.9,9.2,21.3,6.6,16043,15.5,41,35251,"Northeast","Mid Atlantic",2.7,0.7,4.3,90.8,2002,35046
"New York","Steuben","'36101'",30.3,49.6,72.1,11,9.9,23.4,6.4,48875,15.9,41.4,98990,"Northeast","Mid Atlantic",1.4,1.2,1.5,94.4,2002,99583
"New York","Suffolk","'36103'",37.6,49.2,78.7,8.2,7.2,24,4.1,569985,13.5,39.8,1493350,"Northeast","Mid Atlantic",16.5,3.4,6.8,71.6,2002,1456745
"New York","Sullivan","'36105'",30.5,51.1,67,29.2,10.7,22.7,9.5,49186,14.8,41.7,77547,"Northeast","Mid Atlantic",13.6,1.3,8.2,74.5,2002,74452
"New York","Tioga","'36107'",31.4,49.6,77.7,2.5,8.9,23.4,5.8,22203,15.7,42.5,51125,"Northeast","Mid Atlantic",1.4,0.7,0.7,96,2002,51992
"New York","Tompkins","'36109'",24.2,49.3,54.1,1.6,7.4,16.4,4.9,41674,10.8,29.8,101564,"Northeast","Mid Atlantic",4.2,8.5,3.7,80.2,2002,98227
"New York","Ulster","'36111'",29.2,49.8,68.7,8.1,8.9,20.2,6.8,83638,14.8,42,182493,"Northeast","Mid Atlantic",8.7,1.7,5.5,81.7,2002,180128
"New York","Warren","'36113'",27.6,48.8,69.3,22.2,8.7,20.6,5.5,38726,17.1,44.1,65707,"Northeast","Mid Atlantic",1.8,0.7,0.8,95.2,2002,63774
"New York","Washington","'36115'",30.2,51.8,73.4,10,9.4,21.1,6.3,28844,15.4,41.7,63216,"Northeast","Mid Atlantic",2.3,0.4,2.7,93.3,2002,61152
"New York","Wayne","'36117'",32.6,49.6,76.8,4.5,9.7,23.8,6,41057,14.3,41.6,93772,"Northeast","Mid Atlantic",3.7,0.5,2.9,91,2002,93735
"New York","Westchester","'36119'",35.3,48.1,61.6,0.9,8,24,5.5,370821,14.7,40,949113,"Northeast","Mid Atlantic",21.8,5.4,13.3,57.4,2002,935219
"New York","Wyoming","'36121'",30,54.4,75.9,7.6,8.4,20.6,6.1,17970,13.6,40.9,42155,"Northeast","Mid Atlantic",3,0.4,5.3,90.2,2002,43007
"New York","Yates","'36123'",29.4,48.4,75.6,24,8.6,24.5,5.4,13491,16.6,40.7,25348,"Northeast","Mid Atlantic",1.7,0.4,0.8,96.1,2002,24688
"New York","Albany","'36001'",26.7,48.3,57.5,1.2,8.9,19.9,7.1,137739,13.9,38.5,304204,"Northeast","Mid Atlantic",4.9,4.8,12,76,2003,301085
"New York","Allegany","'36003'",29.5,50.5,74.5,23.7,8.8,21.6,6.7,26140,15.2,37.8,48946,"Northeast","Mid Atlantic",1.4,0.9,1,95.4,2003,50165
"New York","Bronx","'36005'",40.4,46.9,19.3,0.2,20.6,26.6,5.3,511896,10.5,32.8,1385108,"Northeast","Mid Atlantic",53.5,3.4,30.1,10.9,2003,1362373
"New York","Broome","'36007'",26.7,49,64.8,2,9.2,20.2,7.2,90563,16.4,40.2,200600,"Northeast","Mid Atlantic",3.4,3.5,4.4,86.3,2003,201037
"New York","Cattaraugus","'36009'",29.5,49.5,72.2,14.7,10.1,23.4,6.8,41111,15.5,40.7,80317,"Northeast","Mid Atlantic",1.7,0.7,1.2,91.9,2003,83335
"New York","Cayuga","'36011'",29.5,51,71.1,7.9,10,21.6,5.9,36489,15.3,41.5,80026,"Northeast","Mid Atlantic",2.4,0.5,3.8,91.3,2003,81395
"New York","Chautauqua","'36013'",28.4,49.3,68,11.3,9.9,21.8,7.6,66920,16.6,40.9,134905,"Northeast","Mid Atlantic",6.1,0.5,2,89.3,2003,137587
"New York","Chemung","'36015'",30.2,49.7,67.7,1,11.1,22.4,6.6,38369,15.7,40.9,88830,"Northeast","Mid Atlantic",2.5,1.2,6.2,87.4,2003,90154
"New York","Chenango","'36017'",30.1,49.8,75,10.5,10.1,22.7,6.8,24710,16.6,42.9,50477,"Northeast","Mid Atlantic",1.8,0.4,0.6,95.6,2003,51393
"New York","Clinton","'36019'",28.9,51.3,68.3,6.2,9.4,19.3,5.7,35888,13.3,39.1,82128,"Northeast","Mid Atlantic",2.5,1.1,3.6,91.1,2003,81396
"New York","Columbia","'36021'",27.3,50.3,71.6,13.8,8.4,20.3,7.1,32775,18.2,45.3,63096,"Northeast","Mid Atlantic",3.9,1.6,4.3,88.2,2003,63304
"New York","Cortland","'36023'",29.7,48.8,64.9,3.8,10,21.1,5.5,20577,13.1,35.8,49336,"Northeast","Mid Atlantic",2.2,0.8,1.4,93.7,2003,49475
"New York","Delaware","'36025'",25.4,50.2,74.2,29.7,8.4,19.6,6.5,31222,19.4,45.4,47980,"Northeast","Mid Atlantic",3.3,0.8,1.4,93.2,2003,47930
"New York","Dutchess","'36027'",33.1,49.8,69.5,3,8,22.2,6,118638,13.5,40.2,297488,"Northeast","Mid Atlantic",10.5,3.5,9.2,74.6,2003,290781
"New York","Erie","'36029'",28,48.2,64.8,0.7,9.6,21.6,8,419974,15.7,40.4,919040,"Northeast","Mid Atlantic",4.5,2.6,13,77.7,2003,941846
"New York","Essex","'36031'",25.7,51.8,73.7,29.9,7.7,19.3,6.6,25603,18.1,44.5,39370,"Northeast","Mid Atlantic",2.5,0.7,2.5,92.9,2003,39334
"New York","Franklin","'36033'",30.2,54.9,71.4,17.5,11.2,20.8,7.1,25306,13.3,39.3,51599,"Northeast","Mid Atlantic",2.9,0.4,5.5,82.6,2003,51228
"New York","Fulton","'36035'",30.1,49.5,70.9,13.7,11.3,22.2,7.4,28562,16,41.8,55531,"Northeast","Mid Atlantic",2.3,0.6,1.8,93.8,2003,55081
"New York","Genesee","'36037'",30.2,49.5,71.9,1.1,9,22.1,6.1,25589,15.6,41.5,60079,"Northeast","Mid Atlantic",2.7,0.6,2.5,91.5,2003,60412
"New York","Greene","'36039'",26.5,52.2,72.5,23.2,8.1,19.3,8.9,29210,17.3,44,49221,"Northeast","Mid Atlantic",4.9,0.8,5.3,87.1,2003,48416
"New York","Hamilton","'36041'",19.8,50.6,80.7,71.1,5.6,16.4,2.9,8694,23.4,51.3,4836,"Northeast","Mid Atlantic",1.1,0.5,0.7,96.4,2003,5181
"New York","Herkimer","'36043'",29.1,48.9,71.3,14.1,9.4,22.2,7.1,33381,16.8,42.1,64519,"Northeast","Mid Atlantic",1.6,0.5,1,95.6,2003,64080
"New York","Jefferson","'36045'",36.5,50.9,58.2,18.7,11.3,25.5,6.4,57966,11.2,32.6,116229,"Northeast","Mid Atlantic",5.3,1.3,4.7,85.8,2003,110246
"New York","Kings","'36047'",33.3,47.2,27.7,0.4,11.7,23.7,8,1000293,11.5,34.1,2504700,"Northeast","Mid Atlantic",19.8,10.4,31.9,35.7,2003,2472999
"New York","Lewis","'36049'",32.3,50.3,77,25.2,8.3,24.7,5.2,15112,15,40.2,27087,"Northeast","Mid Atlantic",1.3,0.3,0.6,96.8,2003,26692
"New York","Livingston","'36051'",29.7,50.2,73.1,4.8,8.7,20.2,5.2,27123,13.7,39.8,65393,"Northeast","Mid Atlantic",2.8,1.2,2.3,92.2,2003,65130
"New York","Madison","'36053'",31,49.1,73.8,6.8,9.3,21.8,5.8,31757,13.9,39.5,73442,"Northeast","Mid Atlantic",1.8,0.8,1.7,93.8,2003,71010
"New York","Monroe","'36055'",30.2,48.2,64.3,0.5,10.5,22.7,5.8,320593,13.9,38.5,744344,"Northeast","Mid Atlantic",7.3,3.2,14.4,72.8,2003,741671
"New York","Montgomery","'36057'",29.9,48.7,67,1.4,11.4,23.5,10.7,23063,16.6,40.8,50219,"Northeast","Mid Atlantic",11.3,0.7,1.4,85.1,2003,49449
"New York","Nassau","'36059'",36.8,48.4,79.9,0.9,6,23.3,3.4,468346,15.3,41.1,1339532,"Northeast","Mid Atlantic",14.6,7.6,10.5,65.5,2003,1339761
"New York","New York","'36061'",18.2,46.9,22.8,3.3,6.2,14.8,6.5,847090,13.5,36.4,1585873,"Northeast","Mid Atlantic",25.4,11.2,12.9,48,2003,1562154
"New York","Niagara","'36063'",28.3,48.5,69.1,1.1,9.7,21.5,7.5,99120,15.9,41.9,216469,"Northeast","Mid Atlantic",2.2,0.8,6.7,87.3,2003,218072
"New York","Oneida","'36065'",29.5,49.8,66.7,3.3,10.4,21.9,7.4,104180,16.3,40.8,234878,"Northeast","Mid Atlantic",4.6,2.8,5.8,84.8,2003,234243
"New York","Onondaga","'36067'",30.6,48.1,64.7,1.2,10.5,23,6,202357,14,38.6,467026,"Northeast","Mid Atlantic",4,3.1,10.4,79.2,2003,460961
"New York","Ontario","'36069'",30.5,48.9,73.1,5.4,8.6,22.5,5.3,48193,15.4,42.1,107931,"Northeast","Mid Atlantic",3.4,1,2.1,91.8,2003,102625
"New York","Orange","'36071'",39.9,50,68.9,1.8,9.4,27.2,6.3,137025,11,36.6,372813,"Northeast","Mid Atlantic",18,2.3,9.1,68.2,2003,358727
"New York","Orleans","'36073'",31.2,49.5,75.3,5.8,10.5,22.2,6.1,18431,14.4,41,42883,"Northeast","Mid Atlantic",4.1,0.4,5.5,87.8,2003,43593
"New York","Oswego","'36075'",33,49.8,72.2,7,11.2,23.1,6.3,53598,12.6,38.5,122109,"Northeast","Mid Atlantic",2.1,0.6,0.7,95.1,2003,123120
"New York","Otsego","'36077'",25.6,48.4,72.6,11.8,7.6,18.7,8.2,30777,16.5,40.9,62259,"Northeast","Mid Atlantic",3.1,1.1,1.5,92.7,2003,62567
"New York","Putnam","'36079'",37.2,49.9,81.9,3.7,6,23.7,4.6,38224,12.5,41.9,99710,"Northeast","Mid Atlantic",11.7,1.8,2.1,82.9,2003,98964
"New York","Queens","'36081'",33.4,48.4,43,0.7,8.8,20.7,5.9,835127,12.8,37.2,2230722,"Northeast","Mid Atlantic",27.5,22.8,17.7,27.6,2003,2214608
"New York","Rensselaer","'36083'",29.2,49.4,63.9,2.1,10.1,21.3,7.4,71475,13.6,39.2,159429,"Northeast","Mid Atlantic",3.8,2.2,6,85.7,2003,154201
"New York","Richmond","'36085'",35.6,48.5,64.1,0.4,8.6,23.3,5.9,176656,12.7,38.4,468730,"Northeast","Mid Atlantic",17.3,7.4,9.5,64,2003,455939
"New York","Rockland","'36087'",39.5,49,69.3,0.6,6.5,28.1,4,104057,13.4,36.7,311687,"Northeast","Mid Atlantic",15.7,6.1,11.1,65.3,2003,296224
"New York","St. Lawrence","'36089'",29.7,50.8,70.8,14.5,10,21.3,5.7,52133,13.9,37.5,111944,"Northeast","Mid Atlantic",1.9,1,2,92.9,2003,111329
"New York","Saratoga","'36091'",31.5,49.2,72.7,5.6,7.5,22.7,4.9,98656,13.7,40.9,219607,"Northeast","Mid Atlantic",2.4,1.8,1.4,92.7,2003,209410
"New York","Schenectady","'36093'",30.6,48.4,64.8,0.6,10.7,22.9,7.2,68196,14.9,39.8,154727,"Northeast","Mid Atlantic",5.7,3.2,8.7,77.2,2003,147891
"New York","Schoharie","'36095'",27.3,50,75.1,17.1,7.8,19.9,6.5,17231,15.9,42.5,32749,"Northeast","Mid Atlantic",2.8,0.7,1.2,93.9,2003,32032
"New York","Schuyler","'36097'",28.1,49.7,76.1,14.1,8.3,21.2,6.3,9455,17,44.2,18343,"Northeast","Mid Atlantic",1.3,0.3,0.8,96.2,2003,19151
"New York","Seneca","'36099'",28.7,52.4,73.4,9.9,9.2,21.3,6.6,16043,15.5,41,35251,"Northeast","Mid Atlantic",2.7,0.7,4.3,90.8,2003,35212
"New York","Steuben","'36101'",30.3,49.6,72.1,11,9.9,23.4,6.4,48875,15.9,41.4,98990,"Northeast","Mid Atlantic",1.4,1.2,1.5,94.4,2003,99191
"New York","Suffolk","'36103'",37.6,49.2,78.7,8.2,7.2,24,4.1,569985,13.5,39.8,1493350,"Northeast","Mid Atlantic",16.5,3.4,6.8,71.6,2003,1470849
"New York","Sullivan","'36105'",30.5,51.1,67,29.2,10.7,22.7,9.5,49186,14.8,41.7,77547,"Northeast","Mid Atlantic",13.6,1.3,8.2,74.5,2003,75447
"New York","Tioga","'36107'",31.4,49.6,77.7,2.5,8.9,23.4,5.8,22203,15.7,42.5,51125,"Northeast","Mid Atlantic",1.4,0.7,0.7,96,2003,51895
"New York","Tompkins","'36109'",24.2,49.3,54.1,1.6,7.4,16.4,4.9,41674,10.8,29.8,101564,"Northeast","Mid Atlantic",4.2,8.5,3.7,80.2,2003,99049
"New York","Ulster","'36111'",29.2,49.8,68.7,8.1,8.9,20.2,6.8,83638,14.8,42,182493,"Northeast","Mid Atlantic",8.7,1.7,5.5,81.7,2003,180942
"New York","Warren","'36113'",27.6,48.8,69.3,22.2,8.7,20.6,5.5,38726,17.1,44.1,65707,"Northeast","Mid Atlantic",1.8,0.7,0.8,95.2,2003,64323
"New York","Washington","'36115'",30.2,51.8,73.4,10,9.4,21.1,6.3,28844,15.4,41.7,63216,"Northeast","Mid Atlantic",2.3,0.4,2.7,93.3,2003,61621
"New York","Wayne","'36117'",32.6,49.6,76.8,4.5,9.7,23.8,6,41057,14.3,41.6,93772,"Northeast","Mid Atlantic",3.7,0.5,2.9,91,2003,94001
"New York","Westchester","'36119'",35.3,48.1,61.6,0.9,8,24,5.5,370821,14.7,40,949113,"Northeast","Mid Atlantic",21.8,5.4,13.3,57.4,2003,935799
"New York","Wyoming","'36121'",30,54.4,75.9,7.6,8.4,20.6,6.1,17970,13.6,40.9,42155,"Northeast","Mid Atlantic",3,0.4,5.3,90.2,2003,42955
"New York","Yates","'36123'",29.4,48.4,75.6,24,8.6,24.5,5.4,13491,16.6,40.7,25348,"Northeast","Mid Atlantic",1.7,0.4,0.8,96.1,2003,24898
"New York","Albany","'36001'",26.7,48.3,57.5,1.2,8.9,19.9,7.1,137739,13.9,38.5,304204,"Northeast","Mid Atlantic",4.9,4.8,12,76,2004,302173
"New York","Allegany","'36003'",29.5,50.5,74.5,23.7,8.8,21.6,6.7,26140,15.2,37.8,48946,"Northeast","Mid Atlantic",1.4,0.9,1,95.4,2004,50311
"New York","Bronx","'36005'",40.4,46.9,19.3,0.2,20.6,26.6,5.3,511896,10.5,32.8,1385108,"Northeast","Mid Atlantic",53.5,3.4,30.1,10.9,2004,1358963
"New York","Broome","'36007'",26.7,49,64.8,2,9.2,20.2,7.2,90563,16.4,40.2,200600,"Northeast","Mid Atlantic",3.4,3.5,4.4,86.3,2004,200974
"New York","Cattaraugus","'36009'",29.5,49.5,72.2,14.7,10.1,23.4,6.8,41111,15.5,40.7,80317,"Northeast","Mid Atlantic",1.7,0.7,1.2,91.9,2004,82864
"New York","Cayuga","'36011'",29.5,51,71.1,7.9,10,21.6,5.9,36489,15.3,41.5,80026,"Northeast","Mid Atlantic",2.4,0.5,3.8,91.3,2004,81284
"New York","Chautauqua","'36013'",28.4,49.3,68,11.3,9.9,21.8,7.6,66920,16.6,40.9,134905,"Northeast","Mid Atlantic",6.1,0.5,2,89.3,2004,137174
"New York","Chemung","'36015'",30.2,49.7,67.7,1,11.1,22.4,6.6,38369,15.7,40.9,88830,"Northeast","Mid Atlantic",2.5,1.2,6.2,87.4,2004,89777
"New York","Chenango","'36017'",30.1,49.8,75,10.5,10.1,22.7,6.8,24710,16.6,42.9,50477,"Northeast","Mid Atlantic",1.8,0.4,0.6,95.6,2004,51297
"New York","Clinton","'36019'",28.9,51.3,68.3,6.2,9.4,19.3,5.7,35888,13.3,39.1,82128,"Northeast","Mid Atlantic",2.5,1.1,3.6,91.1,2004,81803
"New York","Columbia","'36021'",27.3,50.3,71.6,13.8,8.4,20.3,7.1,32775,18.2,45.3,63096,"Northeast","Mid Atlantic",3.9,1.6,4.3,88.2,2004,63646
"New York","Cortland","'36023'",29.7,48.8,64.9,3.8,10,21.1,5.5,20577,13.1,35.8,49336,"Northeast","Mid Atlantic",2.2,0.8,1.4,93.7,2004,49628
"New York","Delaware","'36025'",25.4,50.2,74.2,29.7,8.4,19.6,6.5,31222,19.4,45.4,47980,"Northeast","Mid Atlantic",3.3,0.8,1.4,93.2,2004,48283
"New York","Dutchess","'36027'",33.1,49.8,69.5,3,8,22.2,6,118638,13.5,40.2,297488,"Northeast","Mid Atlantic",10.5,3.5,9.2,74.6,2004,292859
"New York","Erie","'36029'",28,48.2,64.8,0.7,9.6,21.6,8,419974,15.7,40.4,919040,"Northeast","Mid Atlantic",4.5,2.6,13,77.7,2004,938333
"New York","Essex","'36031'",25.7,51.8,73.7,29.9,7.7,19.3,6.6,25603,18.1,44.5,39370,"Northeast","Mid Atlantic",2.5,0.7,2.5,92.9,2004,39295
"New York","Franklin","'36033'",30.2,54.9,71.4,17.5,11.2,20.8,7.1,25306,13.3,39.3,51599,"Northeast","Mid Atlantic",2.9,0.4,5.5,82.6,2004,51197
"New York","Fulton","'36035'",30.1,49.5,70.9,13.7,11.3,22.2,7.4,28562,16,41.8,55531,"Northeast","Mid Atlantic",2.3,0.6,1.8,93.8,2004,55233
"New York","Genesee","'36037'",30.2,49.5,71.9,1.1,9,22.1,6.1,25589,15.6,41.5,60079,"Northeast","Mid Atlantic",2.7,0.6,2.5,91.5,2004,60224
"New York","Greene","'36039'",26.5,52.2,72.5,23.2,8.1,19.3,8.9,29210,17.3,44,49221,"Northeast","Mid Atlantic",4.9,0.8,5.3,87.1,2004,48755
"New York","Hamilton","'36041'",19.8,50.6,80.7,71.1,5.6,16.4,2.9,8694,23.4,51.3,4836,"Northeast","Mid Atlantic",1.1,0.5,0.7,96.4,2004,5158
"New York","Herkimer","'36043'",29.1,48.9,71.3,14.1,9.4,22.2,7.1,33381,16.8,42.1,64519,"Northeast","Mid Atlantic",1.6,0.5,1,95.6,2004,64332
"New York","Jefferson","'36045'",36.5,50.9,58.2,18.7,11.3,25.5,6.4,57966,11.2,32.6,116229,"Northeast","Mid Atlantic",5.3,1.3,4.7,85.8,2004,109924
"New York","Kings","'36047'",33.3,47.2,27.7,0.4,11.7,23.7,8,1000293,11.5,34.1,2504700,"Northeast","Mid Atlantic",19.8,10.4,31.9,35.7,2004,2459094
"New York","Lewis","'36049'",32.3,50.3,77,25.2,8.3,24.7,5.2,15112,15,40.2,27087,"Northeast","Mid Atlantic",1.3,0.3,0.6,96.8,2004,26661
"New York","Livingston","'36051'",29.7,50.2,73.1,4.8,8.7,20.2,5.2,27123,13.7,39.8,65393,"Northeast","Mid Atlantic",2.8,1.2,2.3,92.2,2004,65484
"New York","Madison","'36053'",31,49.1,73.8,6.8,9.3,21.8,5.8,31757,13.9,39.5,73442,"Northeast","Mid Atlantic",1.8,0.8,1.7,93.8,2004,71397
"New York","Monroe","'36055'",30.2,48.2,64.3,0.5,10.5,22.7,5.8,320593,13.9,38.5,744344,"Northeast","Mid Atlantic",7.3,3.2,14.4,72.8,2004,741075
"New York","Montgomery","'36057'",29.9,48.7,67,1.4,11.4,23.5,10.7,23063,16.6,40.8,50219,"Northeast","Mid Atlantic",11.3,0.7,1.4,85.1,2004,49460
"New York","Nassau","'36059'",36.8,48.4,79.9,0.9,6,23.3,3.4,468346,15.3,41.1,1339532,"Northeast","Mid Atlantic",14.6,7.6,10.5,65.5,2004,1337964
"New York","New York","'36061'",18.2,46.9,22.8,3.3,6.2,14.8,6.5,847090,13.5,36.4,1585873,"Northeast","Mid Atlantic",25.4,11.2,12.9,48,2004,1569947
"New York","Niagara","'36063'",28.3,48.5,69.1,1.1,9.7,21.5,7.5,99120,15.9,41.9,216469,"Northeast","Mid Atlantic",2.2,0.8,6.7,87.3,2004,217737
"New York","Oneida","'36065'",29.5,49.8,66.7,3.3,10.4,21.9,7.4,104180,16.3,40.8,234878,"Northeast","Mid Atlantic",4.6,2.8,5.8,84.8,2004,234654
"New York","Onondaga","'36067'",30.6,48.1,64.7,1.2,10.5,23,6,202357,14,38.6,467026,"Northeast","Mid Atlantic",4,3.1,10.4,79.2,2004,461412
"New York","Ontario","'36069'",30.5,48.9,73.1,5.4,8.6,22.5,5.3,48193,15.4,42.1,107931,"Northeast","Mid Atlantic",3.4,1,2.1,91.8,2004,103385
"New York","Orange","'36071'",39.9,50,68.9,1.8,9.4,27.2,6.3,137025,11,36.6,372813,"Northeast","Mid Atlantic",18,2.3,9.1,68.2,2004,362934
"New York","Orleans","'36073'",31.2,49.5,75.3,5.8,10.5,22.2,6.1,18431,14.4,41,42883,"Northeast","Mid Atlantic",4.1,0.4,5.5,87.8,2004,43682
"New York","Oswego","'36075'",33,49.8,72.2,7,11.2,23.1,6.3,53598,12.6,38.5,122109,"Northeast","Mid Atlantic",2.1,0.6,0.7,95.1,2004,123340
"New York","Otsego","'36077'",25.6,48.4,72.6,11.8,7.6,18.7,8.2,30777,16.5,40.9,62259,"Northeast","Mid Atlantic",3.1,1.1,1.5,92.7,2004,62934
"New York","Putnam","'36079'",37.2,49.9,81.9,3.7,6,23.7,4.6,38224,12.5,41.9,99710,"Northeast","Mid Atlantic",11.7,1.8,2.1,82.9,2004,99468
"New York","Queens","'36081'",33.4,48.4,43,0.7,8.8,20.7,5.9,835127,12.8,37.2,2230722,"Northeast","Mid Atlantic",27.5,22.8,17.7,27.6,2004,2198516
"New York","Rensselaer","'36083'",29.2,49.4,63.9,2.1,10.1,21.3,7.4,71475,13.6,39.2,159429,"Northeast","Mid Atlantic",3.8,2.2,6,85.7,2004,155523
"New York","Richmond","'36085'",35.6,48.5,64.1,0.4,8.6,23.3,5.9,176656,12.7,38.4,468730,"Northeast","Mid Atlantic",17.3,7.4,9.5,64,2004,456846
"New York","Rockland","'36087'",39.5,49,69.3,0.6,6.5,28.1,4,104057,13.4,36.7,311687,"Northeast","Mid Atlantic",15.7,6.1,11.1,65.3,2004,297562
"New York","St. Lawrence","'36089'",29.7,50.8,70.8,14.5,10,21.3,5.7,52133,13.9,37.5,111944,"Northeast","Mid Atlantic",1.9,1,2,92.9,2004,111468
"New York","Saratoga","'36091'",31.5,49.2,72.7,5.6,7.5,22.7,4.9,98656,13.7,40.9,219607,"Northeast","Mid Atlantic",2.4,1.8,1.4,92.7,2004,211478
"New York","Schenectady","'36093'",30.6,48.4,64.8,0.6,10.7,22.9,7.2,68196,14.9,39.8,154727,"Northeast","Mid Atlantic",5.7,3.2,8.7,77.2,2004,148900
"New York","Schoharie","'36095'",27.3,50,75.1,17.1,7.8,19.9,6.5,17231,15.9,42.5,32749,"Northeast","Mid Atlantic",2.8,0.7,1.2,93.9,2004,32310
"New York","Schuyler","'36097'",28.1,49.7,76.1,14.1,8.3,21.2,6.3,9455,17,44.2,18343,"Northeast","Mid Atlantic",1.3,0.3,0.8,96.2,2004,19034
"New York","Seneca","'36099'",28.7,52.4,73.4,9.9,9.2,21.3,6.6,16043,15.5,41,35251,"Northeast","Mid Atlantic",2.7,0.7,4.3,90.8,2004,35312
"New York","Steuben","'36101'",30.3,49.6,72.1,11,9.9,23.4,6.4,48875,15.9,41.4,98990,"Northeast","Mid Atlantic",1.4,1.2,1.5,94.4,2004,98983
"New York","Suffolk","'36103'",37.6,49.2,78.7,8.2,7.2,24,4.1,569985,13.5,39.8,1493350,"Northeast","Mid Atlantic",16.5,3.4,6.8,71.6,2004,1478215
"New York","Sullivan","'36105'",30.5,51.1,67,29.2,10.7,22.7,9.5,49186,14.8,41.7,77547,"Northeast","Mid Atlantic",13.6,1.3,8.2,74.5,2004,76265
"New York","Tioga","'36107'",31.4,49.6,77.7,2.5,8.9,23.4,5.8,22203,15.7,42.5,51125,"Northeast","Mid Atlantic",1.4,0.7,0.7,96,2004,51631
"New York","Tompkins","'36109'",24.2,49.3,54.1,1.6,7.4,16.4,4.9,41674,10.8,29.8,101564,"Northeast","Mid Atlantic",4.2,8.5,3.7,80.2,2004,99531
"New York","Ulster","'36111'",29.2,49.8,68.7,8.1,8.9,20.2,6.8,83638,14.8,42,182493,"Northeast","Mid Atlantic",8.7,1.7,5.5,81.7,2004,181847
"New York","Warren","'36113'",27.6,48.8,69.3,22.2,8.7,20.6,5.5,38726,17.1,44.1,65707,"Northeast","Mid Atlantic",1.8,0.7,0.8,95.2,2004,64576
"New York","Washington","'36115'",30.2,51.8,73.4,10,9.4,21.1,6.3,28844,15.4,41.7,63216,"Northeast","Mid Atlantic",2.3,0.4,2.7,93.3,2004,62278
"New York","Wayne","'36117'",32.6,49.6,76.8,4.5,9.7,23.8,6,41057,14.3,41.6,93772,"Northeast","Mid Atlantic",3.7,0.5,2.9,91,2004,93860
"New York","Westchester","'36119'",35.3,48.1,61.6,0.9,8,24,5.5,370821,14.7,40,949113,"Northeast","Mid Atlantic",21.8,5.4,13.3,57.4,2004,935457
"New York","Wyoming","'36121'",30,54.4,75.9,7.6,8.4,20.6,6.1,17970,13.6,40.9,42155,"Northeast","Mid Atlantic",3,0.4,5.3,90.2,2004,42852
"New York","Yates","'36123'",29.4,48.4,75.6,24,8.6,24.5,5.4,13491,16.6,40.7,25348,"Northeast","Mid Atlantic",1.7,0.4,0.8,96.1,2004,25008
"New York","Albany","'36001'",26.7,48.3,57.5,1.2,8.9,19.9,7.1,137739,13.9,38.5,304204,"Northeast","Mid Atlantic",4.9,4.8,12,76,2005,302791
"New York","Allegany","'36003'",29.5,50.5,74.5,23.7,8.8,21.6,6.7,26140,15.2,37.8,48946,"Northeast","Mid Atlantic",1.4,0.9,1,95.4,2005,49768
"New York","Bronx","'36005'",40.4,46.9,19.3,0.2,20.6,26.6,5.3,511896,10.5,32.8,1385108,"Northeast","Mid Atlantic",53.5,3.4,30.1,10.9,2005,1351736
"New York","Broome","'36007'",26.7,49,64.8,2,9.2,20.2,7.2,90563,16.4,40.2,200600,"Northeast","Mid Atlantic",3.4,3.5,4.4,86.3,2005,200477
"New York","Cattaraugus","'36009'",29.5,49.5,72.2,14.7,10.1,23.4,6.8,41111,15.5,40.7,80317,"Northeast","Mid Atlantic",1.7,0.7,1.2,91.9,2005,82039
"New York","Cayuga","'36011'",29.5,51,71.1,7.9,10,21.6,5.9,36489,15.3,41.5,80026,"Northeast","Mid Atlantic",2.4,0.5,3.8,91.3,2005,81104
"New York","Chautauqua","'36013'",28.4,49.3,68,11.3,9.9,21.8,7.6,66920,16.6,40.9,134905,"Northeast","Mid Atlantic",6.1,0.5,2,89.3,2005,136139
"New York","Chemung","'36015'",30.2,49.7,67.7,1,11.1,22.4,6.6,38369,15.7,40.9,88830,"Northeast","Mid Atlantic",2.5,1.2,6.2,87.4,2005,88860
"New York","Chenango","'36017'",30.1,49.8,75,10.5,10.1,22.7,6.8,24710,16.6,42.9,50477,"Northeast","Mid Atlantic",1.8,0.4,0.6,95.6,2005,51154
"New York","Clinton","'36019'",28.9,51.3,68.3,6.2,9.4,19.3,5.7,35888,13.3,39.1,82128,"Northeast","Mid Atlantic",2.5,1.1,3.6,91.1,2005,82233
"New York","Columbia","'36021'",27.3,50.3,71.6,13.8,8.4,20.3,7.1,32775,18.2,45.3,63096,"Northeast","Mid Atlantic",3.9,1.6,4.3,88.2,2005,63717
"New York","Cortland","'36023'",29.7,48.8,64.9,3.8,10,21.1,5.5,20577,13.1,35.8,49336,"Northeast","Mid Atlantic",2.2,0.8,1.4,93.7,2005,49330
"New York","Delaware","'36025'",25.4,50.2,74.2,29.7,8.4,19.6,6.5,31222,19.4,45.4,47980,"Northeast","Mid Atlantic",3.3,0.8,1.4,93.2,2005,48377
"New York","Dutchess","'36027'",33.1,49.8,69.5,3,8,22.2,6,118638,13.5,40.2,297488,"Northeast","Mid Atlantic",10.5,3.5,9.2,74.6,2005,294362
"New York","Erie","'36029'",28,48.2,64.8,0.7,9.6,21.6,8,419974,15.7,40.4,919040,"Northeast","Mid Atlantic",4.5,2.6,13,77.7,2005,931745
"New York","Essex","'36031'",25.7,51.8,73.7,29.9,7.7,19.3,6.6,25603,18.1,44.5,39370,"Northeast","Mid Atlantic",2.5,0.7,2.5,92.9,2005,39321
"New York","Franklin","'36033'",30.2,54.9,71.4,17.5,11.2,20.8,7.1,25306,13.3,39.3,51599,"Northeast","Mid Atlantic",2.9,0.4,5.5,82.6,2005,51257
"New York","Fulton","'36035'",30.1,49.5,70.9,13.7,11.3,22.2,7.4,28562,16,41.8,55531,"Northeast","Mid Atlantic",2.3,0.6,1.8,93.8,2005,55301
"New York","Genesee","'36037'",30.2,49.5,71.9,1.1,9,22.1,6.1,25589,15.6,41.5,60079,"Northeast","Mid Atlantic",2.7,0.6,2.5,91.5,2005,60068
"New York","Greene","'36039'",26.5,52.2,72.5,23.2,8.1,19.3,8.9,29210,17.3,44,49221,"Northeast","Mid Atlantic",4.9,0.8,5.3,87.1,2005,49142
"New York","Hamilton","'36041'",19.8,50.6,80.7,71.1,5.6,16.4,2.9,8694,23.4,51.3,4836,"Northeast","Mid Atlantic",1.1,0.5,0.7,96.4,2005,5093
"New York","Herkimer","'36043'",29.1,48.9,71.3,14.1,9.4,22.2,7.1,33381,16.8,42.1,64519,"Northeast","Mid Atlantic",1.6,0.5,1,95.6,2005,64292
"New York","Jefferson","'36045'",36.5,50.9,58.2,18.7,11.3,25.5,6.4,57966,11.2,32.6,116229,"Northeast","Mid Atlantic",5.3,1.3,4.7,85.8,2005,113486
"New York","Kings","'36047'",33.3,47.2,27.7,0.4,11.7,23.7,8,1000293,11.5,34.1,2504700,"Northeast","Mid Atlantic",19.8,10.4,31.9,35.7,2005,2445809
"New York","Lewis","'36049'",32.3,50.3,77,25.2,8.3,24.7,5.2,15112,15,40.2,27087,"Northeast","Mid Atlantic",1.3,0.3,0.6,96.8,2005,26773
"New York","Livingston","'36051'",29.7,50.2,73.1,4.8,8.7,20.2,5.2,27123,13.7,39.8,65393,"Northeast","Mid Atlantic",2.8,1.2,2.3,92.2,2005,65322
"New York","Madison","'36053'",31,49.1,73.8,6.8,9.3,21.8,5.8,31757,13.9,39.5,73442,"Northeast","Mid Atlantic",1.8,0.8,1.7,93.8,2005,71471
"New York","Monroe","'36055'",30.2,48.2,64.3,0.5,10.5,22.7,5.8,320593,13.9,38.5,744344,"Northeast","Mid Atlantic",7.3,3.2,14.4,72.8,2005,738506
"New York","Montgomery","'36057'",29.9,48.7,67,1.4,11.4,23.5,10.7,23063,16.6,40.8,50219,"Northeast","Mid Atlantic",11.3,0.7,1.4,85.1,2005,49505
"New York","Nassau","'36059'",36.8,48.4,79.9,0.9,6,23.3,3.4,468346,15.3,41.1,1339532,"Northeast","Mid Atlantic",14.6,7.6,10.5,65.5,2005,1332318
"New York","New York","'36061'",18.2,46.9,22.8,3.3,6.2,14.8,6.5,847090,13.5,36.4,1585873,"Northeast","Mid Atlantic",25.4,11.2,12.9,48,2005,1573573
"New York","Niagara","'36063'",28.3,48.5,69.1,1.1,9.7,21.5,7.5,99120,15.9,41.9,216469,"Northeast","Mid Atlantic",2.2,0.8,6.7,87.3,2005,216818
"New York","Oneida","'36065'",29.5,49.8,66.7,3.3,10.4,21.9,7.4,104180,16.3,40.8,234878,"Northeast","Mid Atlantic",4.6,2.8,5.8,84.8,2005,234282
"New York","Onondaga","'36067'",30.6,48.1,64.7,1.2,10.5,23,6,202357,14,38.6,467026,"Northeast","Mid Atlantic",4,3.1,10.4,79.2,2005,460910
"New York","Ontario","'36069'",30.5,48.9,73.1,5.4,8.6,22.5,5.3,48193,15.4,42.1,107931,"Northeast","Mid Atlantic",3.4,1,2.1,91.8,2005,104259
"New York","Orange","'36071'",39.9,50,68.9,1.8,9.4,27.2,6.3,137025,11,36.6,372813,"Northeast","Mid Atlantic",18,2.3,9.1,68.2,2005,364522
"New York","Orleans","'36073'",31.2,49.5,75.3,5.8,10.5,22.2,6.1,18431,14.4,41,42883,"Northeast","Mid Atlantic",4.1,0.4,5.5,87.8,2005,43475
"New York","Oswego","'36075'",33,49.8,72.2,7,11.2,23.1,6.3,53598,12.6,38.5,122109,"Northeast","Mid Atlantic",2.1,0.6,0.7,95.1,2005,122640
"New York","Otsego","'36077'",25.6,48.4,72.6,11.8,7.6,18.7,8.2,30777,16.5,40.9,62259,"Northeast","Mid Atlantic",3.1,1.1,1.5,92.7,2005,63069
"New York","Putnam","'36079'",37.2,49.9,81.9,3.7,6,23.7,4.6,38224,12.5,41.9,99710,"Northeast","Mid Atlantic",11.7,1.8,2.1,82.9,2005,99575
"New York","Queens","'36081'",33.4,48.4,43,0.7,8.8,20.7,5.9,835127,12.8,37.2,2230722,"Northeast","Mid Atlantic",27.5,22.8,17.7,27.6,2005,2185222
"New York","Rensselaer","'36083'",29.2,49.4,63.9,2.1,10.1,21.3,7.4,71475,13.6,39.2,159429,"Northeast","Mid Atlantic",3.8,2.2,6,85.7,2005,156104
"New York","Richmond","'36085'",35.6,48.5,64.1,0.4,8.6,23.3,5.9,176656,12.7,38.4,468730,"Northeast","Mid Atlantic",17.3,7.4,9.5,64,2005,457028
"New York","Rockland","'36087'",39.5,49,69.3,0.6,6.5,28.1,4,104057,13.4,36.7,311687,"Northeast","Mid Atlantic",15.7,6.1,11.1,65.3,2005,298737
"New York","St. Lawrence","'36089'",29.7,50.8,70.8,14.5,10,21.3,5.7,52133,13.9,37.5,111944,"Northeast","Mid Atlantic",1.9,1,2,92.9,2005,111606
"New York","Saratoga","'36091'",31.5,49.2,72.7,5.6,7.5,22.7,4.9,98656,13.7,40.9,219607,"Northeast","Mid Atlantic",2.4,1.8,1.4,92.7,2005,212975
"New York","Schenectady","'36093'",30.6,48.4,64.8,0.6,10.7,22.9,7.2,68196,14.9,39.8,154727,"Northeast","Mid Atlantic",5.7,3.2,8.7,77.2,2005,150200
"New York","Schoharie","'36095'",27.3,50,75.1,17.1,7.8,19.9,6.5,17231,15.9,42.5,32749,"Northeast","Mid Atlantic",2.8,0.7,1.2,93.9,2005,32534
"New York","Schuyler","'36097'",28.1,49.7,76.1,14.1,8.3,21.2,6.3,9455,17,44.2,18343,"Northeast","Mid Atlantic",1.3,0.3,0.8,96.2,2005,18880
"New York","Seneca","'36099'",28.7,52.4,73.4,9.9,9.2,21.3,6.6,16043,15.5,41,35251,"Northeast","Mid Atlantic",2.7,0.7,4.3,90.8,2005,35177
"New York","Steuben","'36101'",30.3,49.6,72.1,11,9.9,23.4,6.4,48875,15.9,41.4,98990,"Northeast","Mid Atlantic",1.4,1.2,1.5,94.4,2005,98868
"New York","Suffolk","'36103'",37.6,49.2,78.7,8.2,7.2,24,4.1,569985,13.5,39.8,1493350,"Northeast","Mid Atlantic",16.5,3.4,6.8,71.6,2005,1477687
"New York","Sullivan","'36105'",30.5,51.1,67,29.2,10.7,22.7,9.5,49186,14.8,41.7,77547,"Northeast","Mid Atlantic",13.6,1.3,8.2,74.5,2005,76780
"New York","Tioga","'36107'",31.4,49.6,77.7,2.5,8.9,23.4,5.8,22203,15.7,42.5,51125,"Northeast","Mid Atlantic",1.4,0.7,0.7,96,2005,51611
"New York","Tompkins","'36109'",24.2,49.3,54.1,1.6,7.4,16.4,4.9,41674,10.8,29.8,101564,"Northeast","Mid Atlantic",4.2,8.5,3.7,80.2,2005,99433
"New York","Ulster","'36111'",29.2,49.8,68.7,8.1,8.9,20.2,6.8,83638,14.8,42,182493,"Northeast","Mid Atlantic",8.7,1.7,5.5,81.7,2005,182438
"New York","Warren","'36113'",27.6,48.8,69.3,22.2,8.7,20.6,5.5,38726,17.1,44.1,65707,"Northeast","Mid Atlantic",1.8,0.7,0.8,95.2,2005,65206
"New York","Washington","'36115'",30.2,51.8,73.4,10,9.4,21.1,6.3,28844,15.4,41.7,63216,"Northeast","Mid Atlantic",2.3,0.4,2.7,93.3,2005,62468
"New York","Wayne","'36117'",32.6,49.6,76.8,4.5,9.7,23.8,6,41057,14.3,41.6,93772,"Northeast","Mid Atlantic",3.7,0.5,2.9,91,2005,93727
"New York","Westchester","'36119'",35.3,48.1,61.6,0.9,8,24,5.5,370821,14.7,40,949113,"Northeast","Mid Atlantic",21.8,5.4,13.3,57.4,2005,933401
"New York","Wyoming","'36121'",30,54.4,75.9,7.6,8.4,20.6,6.1,17970,13.6,40.9,42155,"Northeast","Mid Atlantic",3,0.4,5.3,90.2,2005,42780
"New York","Yates","'36123'",29.4,48.4,75.6,24,8.6,24.5,5.4,13491,16.6,40.7,25348,"Northeast","Mid Atlantic",1.7,0.4,0.8,96.1,2005,25129
"New York","Albany","'36001'",26.7,48.3,57.5,1.2,8.9,19.9,7.1,137739,13.9,38.5,304204,"Northeast","Mid Atlantic",4.9,4.8,12,76,2006,303997
"New York","Allegany","'36003'",29.5,50.5,74.5,23.7,8.8,21.6,6.7,26140,15.2,37.8,48946,"Northeast","Mid Atlantic",1.4,0.9,1,95.4,2006,49359
"New York","Bronx","'36005'",40.4,46.9,19.3,0.2,20.6,26.6,5.3,511896,10.5,32.8,1385108,"Northeast","Mid Atlantic",53.5,3.4,30.1,10.9,2006,1348164
"New York","Broome","'36007'",26.7,49,64.8,2,9.2,20.2,7.2,90563,16.4,40.2,200600,"Northeast","Mid Atlantic",3.4,3.5,4.4,86.3,2006,200905
"New York","Cattaraugus","'36009'",29.5,49.5,72.2,14.7,10.1,23.4,6.8,41111,15.5,40.7,80317,"Northeast","Mid Atlantic",1.7,0.7,1.2,91.9,2006,81342
"New York","Cayuga","'36011'",29.5,51,71.1,7.9,10,21.6,5.9,36489,15.3,41.5,80026,"Northeast","Mid Atlantic",2.4,0.5,3.8,91.3,2006,80892
"New York","Chautauqua","'36013'",28.4,49.3,68,11.3,9.9,21.8,7.6,66920,16.6,40.9,134905,"Northeast","Mid Atlantic",6.1,0.5,2,89.3,2006,135640
"New York","Chemung","'36015'",30.2,49.7,67.7,1,11.1,22.4,6.6,38369,15.7,40.9,88830,"Northeast","Mid Atlantic",2.5,1.2,6.2,87.4,2006,88732
"New York","Chenango","'36017'",30.1,49.8,75,10.5,10.1,22.7,6.8,24710,16.6,42.9,50477,"Northeast","Mid Atlantic",1.8,0.4,0.6,95.6,2006,51391
"New York","Clinton","'36019'",28.9,51.3,68.3,6.2,9.4,19.3,5.7,35888,13.3,39.1,82128,"Northeast","Mid Atlantic",2.5,1.1,3.6,91.1,2006,82547
"New York","Columbia","'36021'",27.3,50.3,71.6,13.8,8.4,20.3,7.1,32775,18.2,45.3,63096,"Northeast","Mid Atlantic",3.9,1.6,4.3,88.2,2006,63427
"New York","Cortland","'36023'",29.7,48.8,64.9,3.8,10,21.1,5.5,20577,13.1,35.8,49336,"Northeast","Mid Atlantic",2.2,0.8,1.4,93.7,2006,49449
"New York","Delaware","'36025'",25.4,50.2,74.2,29.7,8.4,19.6,6.5,31222,19.4,45.4,47980,"Northeast","Mid Atlantic",3.3,0.8,1.4,93.2,2006,48271
"New York","Dutchess","'36027'",33.1,49.8,69.5,3,8,22.2,6,118638,13.5,40.2,297488,"Northeast","Mid Atlantic",10.5,3.5,9.2,74.6,2006,294712
"New York","Erie","'36029'",28,48.2,64.8,0.7,9.6,21.6,8,419974,15.7,40.4,919040,"Northeast","Mid Atlantic",4.5,2.6,13,77.7,2006,925564
"New York","Essex","'36031'",25.7,51.8,73.7,29.9,7.7,19.3,6.6,25603,18.1,44.5,39370,"Northeast","Mid Atlantic",2.5,0.7,2.5,92.9,2006,39490
"New York","Franklin","'36033'",30.2,54.9,71.4,17.5,11.2,20.8,7.1,25306,13.3,39.3,51599,"Northeast","Mid Atlantic",2.9,0.4,5.5,82.6,2006,51511
"New York","Fulton","'36035'",30.1,49.5,70.9,13.7,11.3,22.2,7.4,28562,16,41.8,55531,"Northeast","Mid Atlantic",2.3,0.6,1.8,93.8,2006,55328
"New York","Genesee","'36037'",30.2,49.5,71.9,1.1,9,22.1,6.1,25589,15.6,41.5,60079,"Northeast","Mid Atlantic",2.7,0.6,2.5,91.5,2006,59919
"New York","Greene","'36039'",26.5,52.2,72.5,23.2,8.1,19.3,8.9,29210,17.3,44,49221,"Northeast","Mid Atlantic",4.9,0.8,5.3,87.1,2006,49513
"New York","Hamilton","'36041'",19.8,50.6,80.7,71.1,5.6,16.4,2.9,8694,23.4,51.3,4836,"Northeast","Mid Atlantic",1.1,0.5,0.7,96.4,2006,4987
"New York","Herkimer","'36043'",29.1,48.9,71.3,14.1,9.4,22.2,7.1,33381,16.8,42.1,64519,"Northeast","Mid Atlantic",1.6,0.5,1,95.6,2006,64029
"New York","Jefferson","'36045'",36.5,50.9,58.2,18.7,11.3,25.5,6.4,57966,11.2,32.6,116229,"Northeast","Mid Atlantic",5.3,1.3,4.7,85.8,2006,113650
"New York","Kings","'36047'",33.3,47.2,27.7,0.4,11.7,23.7,8,1000293,11.5,34.1,2504700,"Northeast","Mid Atlantic",19.8,10.4,31.9,35.7,2006,2436132
"New York","Lewis","'36049'",32.3,50.3,77,25.2,8.3,24.7,5.2,15112,15,40.2,27087,"Northeast","Mid Atlantic",1.3,0.3,0.6,96.8,2006,27001
"New York","Livingston","'36051'",29.7,50.2,73.1,4.8,8.7,20.2,5.2,27123,13.7,39.8,65393,"Northeast","Mid Atlantic",2.8,1.2,2.3,92.2,2006,65357
"New York","Madison","'36053'",31,49.1,73.8,6.8,9.3,21.8,5.8,31757,13.9,39.5,73442,"Northeast","Mid Atlantic",1.8,0.8,1.7,93.8,2006,72042
"New York","Monroe","'36055'",30.2,48.2,64.3,0.5,10.5,22.7,5.8,320593,13.9,38.5,744344,"Northeast","Mid Atlantic",7.3,3.2,14.4,72.8,2006,738329
"New York","Montgomery","'36057'",29.9,48.7,67,1.4,11.4,23.5,10.7,23063,16.6,40.8,50219,"Northeast","Mid Atlantic",11.3,0.7,1.4,85.1,2006,49724
"New York","Nassau","'36059'",36.8,48.4,79.9,0.9,6,23.3,3.4,468346,15.3,41.1,1339532,"Northeast","Mid Atlantic",14.6,7.6,10.5,65.5,2006,1324905
"New York","New York","'36061'",18.2,46.9,22.8,3.3,6.2,14.8,6.5,847090,13.5,36.4,1585873,"Northeast","Mid Atlantic",25.4,11.2,12.9,48,2006,1578171
"New York","Niagara","'36063'",28.3,48.5,69.1,1.1,9.7,21.5,7.5,99120,15.9,41.9,216469,"Northeast","Mid Atlantic",2.2,0.8,6.7,87.3,2006,216148
"New York","Oneida","'36065'",29.5,49.8,66.7,3.3,10.4,21.9,7.4,104180,16.3,40.8,234878,"Northeast","Mid Atlantic",4.6,2.8,5.8,84.8,2006,234229
"New York","Onondaga","'36067'",30.6,48.1,64.7,1.2,10.5,23,6,202357,14,38.6,467026,"Northeast","Mid Atlantic",4,3.1,10.4,79.2,2006,460925
"New York","Ontario","'36069'",30.5,48.9,73.1,5.4,8.6,22.5,5.3,48193,15.4,42.1,107931,"Northeast","Mid Atlantic",3.4,1,2.1,91.8,2006,104644
"New York","Orange","'36071'",39.9,50,68.9,1.8,9.4,27.2,6.3,137025,11,36.6,372813,"Northeast","Mid Atlantic",18,2.3,9.1,68.2,2006,366908
"New York","Orleans","'36073'",31.2,49.5,75.3,5.8,10.5,22.2,6.1,18431,14.4,41,42883,"Northeast","Mid Atlantic",4.1,0.4,5.5,87.8,2006,43420
"New York","Oswego","'36075'",33,49.8,72.2,7,11.2,23.1,6.3,53598,12.6,38.5,122109,"Northeast","Mid Atlantic",2.1,0.6,0.7,95.1,2006,122354
"New York","Otsego","'36077'",25.6,48.4,72.6,11.8,7.6,18.7,8.2,30777,16.5,40.9,62259,"Northeast","Mid Atlantic",3.1,1.1,1.5,92.7,2006,63032
"New York","Putnam","'36079'",37.2,49.9,81.9,3.7,6,23.7,4.6,38224,12.5,41.9,99710,"Northeast","Mid Atlantic",11.7,1.8,2.1,82.9,2006,99357
"New York","Queens","'36081'",33.4,48.4,43,0.7,8.8,20.7,5.9,835127,12.8,37.2,2230722,"Northeast","Mid Atlantic",27.5,22.8,17.7,27.6,2006,2173862
"New York","Rensselaer","'36083'",29.2,49.4,63.9,2.1,10.1,21.3,7.4,71475,13.6,39.2,159429,"Northeast","Mid Atlantic",3.8,2.2,6,85.7,2006,157312
"New York","Richmond","'36085'",35.6,48.5,64.1,0.4,8.6,23.3,5.9,176656,12.7,38.4,468730,"Northeast","Mid Atlantic",17.3,7.4,9.5,64,2006,457577
"New York","Rockland","'36087'",39.5,49,69.3,0.6,6.5,28.1,4,104057,13.4,36.7,311687,"Northeast","Mid Atlantic",15.7,6.1,11.1,65.3,2006,299390
"New York","St. Lawrence","'36089'",29.7,50.8,70.8,14.5,10,21.3,5.7,52133,13.9,37.5,111944,"Northeast","Mid Atlantic",1.9,1,2,92.9,2006,111556
"New York","Saratoga","'36091'",31.5,49.2,72.7,5.6,7.5,22.7,4.9,98656,13.7,40.9,219607,"Northeast","Mid Atlantic",2.4,1.8,1.4,92.7,2006,214627
"New York","Schenectady","'36093'",30.6,48.4,64.8,0.6,10.7,22.9,7.2,68196,14.9,39.8,154727,"Northeast","Mid Atlantic",5.7,3.2,8.7,77.2,2006,151768
"New York","Schoharie","'36095'",27.3,50,75.1,17.1,7.8,19.9,6.5,17231,15.9,42.5,32749,"Northeast","Mid Atlantic",2.8,0.7,1.2,93.9,2006,32661
"New York","Schuyler","'36097'",28.1,49.7,76.1,14.1,8.3,21.2,6.3,9455,17,44.2,18343,"Northeast","Mid Atlantic",1.3,0.3,0.8,96.2,2006,18752
"New York","Seneca","'36099'",28.7,52.4,73.4,9.9,9.2,21.3,6.6,16043,15.5,41,35251,"Northeast","Mid Atlantic",2.7,0.7,4.3,90.8,2006,35223
"New York","Steuben","'36101'",30.3,49.6,72.1,11,9.9,23.4,6.4,48875,15.9,41.4,98990,"Northeast","Mid Atlantic",1.4,1.2,1.5,94.4,2006,98473
"New York","Suffolk","'36103'",37.6,49.2,78.7,8.2,7.2,24,4.1,569985,13.5,39.8,1493350,"Northeast","Mid Atlantic",16.5,3.4,6.8,71.6,2006,1475626
"New York","Sullivan","'36105'",30.5,51.1,67,29.2,10.7,22.7,9.5,49186,14.8,41.7,77547,"Northeast","Mid Atlantic",13.6,1.3,8.2,74.5,2006,77231
"New York","Tioga","'36107'",31.4,49.6,77.7,2.5,8.9,23.4,5.8,22203,15.7,42.5,51125,"Northeast","Mid Atlantic",1.4,0.7,0.7,96,2006,51536
"New York","Tompkins","'36109'",24.2,49.3,54.1,1.6,7.4,16.4,4.9,41674,10.8,29.8,101564,"Northeast","Mid Atlantic",4.2,8.5,3.7,80.2,2006,99651
"New York","Ulster","'36111'",29.2,49.8,68.7,8.1,8.9,20.2,6.8,83638,14.8,42,182493,"Northeast","Mid Atlantic",8.7,1.7,5.5,81.7,2006,182845
"New York","Warren","'36113'",27.6,48.8,69.3,22.2,8.7,20.6,5.5,38726,17.1,44.1,65707,"Northeast","Mid Atlantic",1.8,0.7,0.8,95.2,2006,65554
"New York","Washington","'36115'",30.2,51.8,73.4,10,9.4,21.1,6.3,28844,15.4,41.7,63216,"Northeast","Mid Atlantic",2.3,0.4,2.7,93.3,2006,62771
"New York","Wayne","'36117'",32.6,49.6,76.8,4.5,9.7,23.8,6,41057,14.3,41.6,93772,"Northeast","Mid Atlantic",3.7,0.5,2.9,91,2006,93595
"New York","Westchester","'36119'",35.3,48.1,61.6,0.9,8,24,5.5,370821,14.7,40,949113,"Northeast","Mid Atlantic",21.8,5.4,13.3,57.4,2006,931426
"New York","Wyoming","'36121'",30,54.4,75.9,7.6,8.4,20.6,6.1,17970,13.6,40.9,42155,"Northeast","Mid Atlantic",3,0.4,5.3,90.2,2006,42673
"New York","Yates","'36123'",29.4,48.4,75.6,24,8.6,24.5,5.4,13491,16.6,40.7,25348,"Northeast","Mid Atlantic",1.7,0.4,0.8,96.1,2006,25025
"New York","Albany","'36001'",26.7,48.3,57.5,1.2,8.9,19.9,7.1,137739,13.9,38.5,304204,"Northeast","Mid Atlantic",4.9,4.8,12,76,2007,303858
"New York","Allegany","'36003'",29.5,50.5,74.5,23.7,8.8,21.6,6.7,26140,15.2,37.8,48946,"Northeast","Mid Atlantic",1.4,0.9,1,95.4,2007,49079
"New York","Bronx","'36005'",40.4,46.9,19.3,0.2,20.6,26.6,5.3,511896,10.5,32.8,1385108,"Northeast","Mid Atlantic",53.5,3.4,30.1,10.9,2007,1354056
"New York","Broome","'36007'",26.7,49,64.8,2,9.2,20.2,7.2,90563,16.4,40.2,200600,"Northeast","Mid Atlantic",3.4,3.5,4.4,86.3,2007,200877
"New York","Cattaraugus","'36009'",29.5,49.5,72.2,14.7,10.1,23.4,6.8,41111,15.5,40.7,80317,"Northeast","Mid Atlantic",1.7,0.7,1.2,91.9,2007,81056
"New York","Cayuga","'36011'",29.5,51,71.1,7.9,10,21.6,5.9,36489,15.3,41.5,80026,"Northeast","Mid Atlantic",2.4,0.5,3.8,91.3,2007,80629
"New York","Chautauqua","'36013'",28.4,49.3,68,11.3,9.9,21.8,7.6,66920,16.6,40.9,134905,"Northeast","Mid Atlantic",6.1,0.5,2,89.3,2007,135481
"New York","Chemung","'36015'",30.2,49.7,67.7,1,11.1,22.4,6.6,38369,15.7,40.9,88830,"Northeast","Mid Atlantic",2.5,1.2,6.2,87.4,2007,88634
"New York","Chenango","'36017'",30.1,49.8,75,10.5,10.1,22.7,6.8,24710,16.6,42.9,50477,"Northeast","Mid Atlantic",1.8,0.4,0.6,95.6,2007,51463
"New York","Clinton","'36019'",28.9,51.3,68.3,6.2,9.4,19.3,5.7,35888,13.3,39.1,82128,"Northeast","Mid Atlantic",2.5,1.1,3.6,91.1,2007,82556
"New York","Columbia","'36021'",27.3,50.3,71.6,13.8,8.4,20.3,7.1,32775,18.2,45.3,63096,"Northeast","Mid Atlantic",3.9,1.6,4.3,88.2,2007,63430
"New York","Cortland","'36023'",29.7,48.8,64.9,3.8,10,21.1,5.5,20577,13.1,35.8,49336,"Northeast","Mid Atlantic",2.2,0.8,1.4,93.7,2007,49624
"New York","Delaware","'36025'",25.4,50.2,74.2,29.7,8.4,19.6,6.5,31222,19.4,45.4,47980,"Northeast","Mid Atlantic",3.3,0.8,1.4,93.2,2007,48450
"New York","Dutchess","'36027'",33.1,49.8,69.5,3,8,22.2,6,118638,13.5,40.2,297488,"Northeast","Mid Atlantic",10.5,3.5,9.2,74.6,2007,295319
"New York","Erie","'36029'",28,48.2,64.8,0.7,9.6,21.6,8,419974,15.7,40.4,919040,"Northeast","Mid Atlantic",4.5,2.6,13,77.7,2007,921887
"New York","Essex","'36031'",25.7,51.8,73.7,29.9,7.7,19.3,6.6,25603,18.1,44.5,39370,"Northeast","Mid Atlantic",2.5,0.7,2.5,92.9,2007,39373
"New York","Franklin","'36033'",30.2,54.9,71.4,17.5,11.2,20.8,7.1,25306,13.3,39.3,51599,"Northeast","Mid Atlantic",2.9,0.4,5.5,82.6,2007,51782
"New York","Fulton","'36035'",30.1,49.5,70.9,13.7,11.3,22.2,7.4,28562,16,41.8,55531,"Northeast","Mid Atlantic",2.3,0.6,1.8,93.8,2007,55489
"New York","Genesee","'36037'",30.2,49.5,71.9,1.1,9,22.1,6.1,25589,15.6,41.5,60079,"Northeast","Mid Atlantic",2.7,0.6,2.5,91.5,2007,59930
"New York","Greene","'36039'",26.5,52.2,72.5,23.2,8.1,19.3,8.9,29210,17.3,44,49221,"Northeast","Mid Atlantic",4.9,0.8,5.3,87.1,2007,49537
"New York","Hamilton","'36041'",19.8,50.6,80.7,71.1,5.6,16.4,2.9,8694,23.4,51.3,4836,"Northeast","Mid Atlantic",1.1,0.5,0.7,96.4,2007,4969
"New York","Herkimer","'36043'",29.1,48.9,71.3,14.1,9.4,22.2,7.1,33381,16.8,42.1,64519,"Northeast","Mid Atlantic",1.6,0.5,1,95.6,2007,64343
"New York","Jefferson","'36045'",36.5,50.9,58.2,18.7,11.3,25.5,6.4,57966,11.2,32.6,116229,"Northeast","Mid Atlantic",5.3,1.3,4.7,85.8,2007,115059
"New York","Kings","'36047'",33.3,47.2,27.7,0.4,11.7,23.7,8,1000293,11.5,34.1,2504700,"Northeast","Mid Atlantic",19.8,10.4,31.9,35.7,2007,2441324
"New York","Lewis","'36049'",32.3,50.3,77,25.2,8.3,24.7,5.2,15112,15,40.2,27087,"Northeast","Mid Atlantic",1.3,0.3,0.6,96.8,2007,27086
"New York","Livingston","'36051'",29.7,50.2,73.1,4.8,8.7,20.2,5.2,27123,13.7,39.8,65393,"Northeast","Mid Atlantic",2.8,1.2,2.3,92.2,2007,65460
"New York","Madison","'36053'",31,49.1,73.8,6.8,9.3,21.8,5.8,31757,13.9,39.5,73442,"Northeast","Mid Atlantic",1.8,0.8,1.7,93.8,2007,72709
"New York","Monroe","'36055'",30.2,48.2,64.3,0.5,10.5,22.7,5.8,320593,13.9,38.5,744344,"Northeast","Mid Atlantic",7.3,3.2,14.4,72.8,2007,739249
"New York","Montgomery","'36057'",29.9,48.7,67,1.4,11.4,23.5,10.7,23063,16.6,40.8,50219,"Northeast","Mid Atlantic",11.3,0.7,1.4,85.1,2007,49798
"New York","Nassau","'36059'",36.8,48.4,79.9,0.9,6,23.3,3.4,468346,15.3,41.1,1339532,"Northeast","Mid Atlantic",14.6,7.6,10.5,65.5,2007,1322048
"New York","New York","'36061'",18.2,46.9,22.8,3.3,6.2,14.8,6.5,847090,13.5,36.4,1585873,"Northeast","Mid Atlantic",25.4,11.2,12.9,48,2007,1581402
"New York","Niagara","'36063'",28.3,48.5,69.1,1.1,9.7,21.5,7.5,99120,15.9,41.9,216469,"Northeast","Mid Atlantic",2.2,0.8,6.7,87.3,2007,215791
"New York","Oneida","'36065'",29.5,49.8,66.7,3.3,10.4,21.9,7.4,104180,16.3,40.8,234878,"Northeast","Mid Atlantic",4.6,2.8,5.8,84.8,2007,234488
"New York","Onondaga","'36067'",30.6,48.1,64.7,1.2,10.5,23,6,202357,14,38.6,467026,"Northeast","Mid Atlantic",4,3.1,10.4,79.2,2007,461287
"New York","Ontario","'36069'",30.5,48.9,73.1,5.4,8.6,22.5,5.3,48193,15.4,42.1,107931,"Northeast","Mid Atlantic",3.4,1,2.1,91.8,2007,105216
"New York","Orange","'36071'",39.9,50,68.9,1.8,9.4,27.2,6.3,137025,11,36.6,372813,"Northeast","Mid Atlantic",18,2.3,9.1,68.2,2007,368464
"New York","Orleans","'36073'",31.2,49.5,75.3,5.8,10.5,22.2,6.1,18431,14.4,41,42883,"Northeast","Mid Atlantic",4.1,0.4,5.5,87.8,2007,43342
"New York","Oswego","'36075'",33,49.8,72.2,7,11.2,23.1,6.3,53598,12.6,38.5,122109,"Northeast","Mid Atlantic",2.1,0.6,0.7,95.1,2007,122213
"New York","Otsego","'36077'",25.6,48.4,72.6,11.8,7.6,18.7,8.2,30777,16.5,40.9,62259,"Northeast","Mid Atlantic",3.1,1.1,1.5,92.7,2007,62914
"New York","Putnam","'36079'",37.2,49.9,81.9,3.7,6,23.7,4.6,38224,12.5,41.9,99710,"Northeast","Mid Atlantic",11.7,1.8,2.1,82.9,2007,99454
"New York","Queens","'36081'",33.4,48.4,43,0.7,8.8,20.7,5.9,835127,12.8,37.2,2230722,"Northeast","Mid Atlantic",27.5,22.8,17.7,27.6,2007,2177351
"New York","Rensselaer","'36083'",29.2,49.4,63.9,2.1,10.1,21.3,7.4,71475,13.6,39.2,159429,"Northeast","Mid Atlantic",3.8,2.2,6,85.7,2007,158243
"New York","Richmond","'36085'",35.6,48.5,64.1,0.4,8.6,23.3,5.9,176656,12.7,38.4,468730,"Northeast","Mid Atlantic",17.3,7.4,9.5,64,2007,459642
"New York","Rockland","'36087'",39.5,49,69.3,0.6,6.5,28.1,4,104057,13.4,36.7,311687,"Northeast","Mid Atlantic",15.7,6.1,11.1,65.3,2007,301668
"New York","St. Lawrence","'36089'",29.7,50.8,70.8,14.5,10,21.3,5.7,52133,13.9,37.5,111944,"Northeast","Mid Atlantic",1.9,1,2,92.9,2007,111586
"New York","Saratoga","'36091'",31.5,49.2,72.7,5.6,7.5,22.7,4.9,98656,13.7,40.9,219607,"Northeast","Mid Atlantic",2.4,1.8,1.4,92.7,2007,215798
"New York","Schenectady","'36093'",30.6,48.4,64.8,0.6,10.7,22.9,7.2,68196,14.9,39.8,154727,"Northeast","Mid Atlantic",5.7,3.2,8.7,77.2,2007,152275
"New York","Schoharie","'36095'",27.3,50,75.1,17.1,7.8,19.9,6.5,17231,15.9,42.5,32749,"Northeast","Mid Atlantic",2.8,0.7,1.2,93.9,2007,32894
"New York","Schuyler","'36097'",28.1,49.7,76.1,14.1,8.3,21.2,6.3,9455,17,44.2,18343,"Northeast","Mid Atlantic",1.3,0.3,0.8,96.2,2007,18707
"New York","Seneca","'36099'",28.7,52.4,73.4,9.9,9.2,21.3,6.6,16043,15.5,41,35251,"Northeast","Mid Atlantic",2.7,0.7,4.3,90.8,2007,35469
"New York","Steuben","'36101'",30.3,49.6,72.1,11,9.9,23.4,6.4,48875,15.9,41.4,98990,"Northeast","Mid Atlantic",1.4,1.2,1.5,94.4,2007,98541
"New York","Suffolk","'36103'",37.6,49.2,78.7,8.2,7.2,24,4.1,569985,13.5,39.8,1493350,"Northeast","Mid Atlantic",16.5,3.4,6.8,71.6,2007,1475255
"New York","Sullivan","'36105'",30.5,51.1,67,29.2,10.7,22.7,9.5,49186,14.8,41.7,77547,"Northeast","Mid Atlantic",13.6,1.3,8.2,74.5,2007,77991
"New York","Tioga","'36107'",31.4,49.6,77.7,2.5,8.9,23.4,5.8,22203,15.7,42.5,51125,"Northeast","Mid Atlantic",1.4,0.7,0.7,96,2007,51565
"New York","Tompkins","'36109'",24.2,49.3,54.1,1.6,7.4,16.4,4.9,41674,10.8,29.8,101564,"Northeast","Mid Atlantic",4.2,8.5,3.7,80.2,2007,99910
"New York","Ulster","'36111'",29.2,49.8,68.7,8.1,8.9,20.2,6.8,83638,14.8,42,182493,"Northeast","Mid Atlantic",8.7,1.7,5.5,81.7,2007,182818
"New York","Warren","'36113'",27.6,48.8,69.3,22.2,8.7,20.6,5.5,38726,17.1,44.1,65707,"Northeast","Mid Atlantic",1.8,0.7,0.8,95.2,2007,65740
"New York","Washington","'36115'",30.2,51.8,73.4,10,9.4,21.1,6.3,28844,15.4,41.7,63216,"Northeast","Mid Atlantic",2.3,0.4,2.7,93.3,2007,63054
"New York","Wayne","'36117'",32.6,49.6,76.8,4.5,9.7,23.8,6,41057,14.3,41.6,93772,"Northeast","Mid Atlantic",3.7,0.5,2.9,91,2007,93539
"New York","Westchester","'36119'",35.3,48.1,61.6,0.9,8,24,5.5,370821,14.7,40,949113,"Northeast","Mid Atlantic",21.8,5.4,13.3,57.4,2007,933414
"New York","Wyoming","'36121'",30,54.4,75.9,7.6,8.4,20.6,6.1,17970,13.6,40.9,42155,"Northeast","Mid Atlantic",3,0.4,5.3,90.2,2007,42515
"New York","Yates","'36123'",29.4,48.4,75.6,24,8.6,24.5,5.4,13491,16.6,40.7,25348,"Northeast","Mid Atlantic",1.7,0.4,0.8,96.1,2007,25234
"New York","Albany","'36001'",26.7,48.3,57.5,1.2,8.9,19.9,7.1,137739,13.9,38.5,304204,"Northeast","Mid Atlantic",4.9,4.8,12,76,2008,303739
"New York","Allegany","'36003'",29.5,50.5,74.5,23.7,8.8,21.6,6.7,26140,15.2,37.8,48946,"Northeast","Mid Atlantic",1.4,0.9,1,95.4,2008,49177
"New York","Bronx","'36005'",40.4,46.9,19.3,0.2,20.6,26.6,5.3,511896,10.5,32.8,1385108,"Northeast","Mid Atlantic",53.5,3.4,30.1,10.9,2008,1363488
"New York","Broome","'36007'",26.7,49,64.8,2,9.2,20.2,7.2,90563,16.4,40.2,200600,"Northeast","Mid Atlantic",3.4,3.5,4.4,86.3,2008,201029
"New York","Cattaraugus","'36009'",29.5,49.5,72.2,14.7,10.1,23.4,6.8,41111,15.5,40.7,80317,"Northeast","Mid Atlantic",1.7,0.7,1.2,91.9,2008,80761
"New York","Cayuga","'36011'",29.5,51,71.1,7.9,10,21.6,5.9,36489,15.3,41.5,80026,"Northeast","Mid Atlantic",2.4,0.5,3.8,91.3,2008,80482
"New York","Chautauqua","'36013'",28.4,49.3,68,11.3,9.9,21.8,7.6,66920,16.6,40.9,134905,"Northeast","Mid Atlantic",6.1,0.5,2,89.3,2008,135229
"New York","Chemung","'36015'",30.2,49.7,67.7,1,11.1,22.4,6.6,38369,15.7,40.9,88830,"Northeast","Mid Atlantic",2.5,1.2,6.2,87.4,2008,88503
"New York","Chenango","'36017'",30.1,49.8,75,10.5,10.1,22.7,6.8,24710,16.6,42.9,50477,"Northeast","Mid Atlantic",1.8,0.4,0.6,95.6,2008,51326
"New York","Clinton","'36019'",28.9,51.3,68.3,6.2,9.4,19.3,5.7,35888,13.3,39.1,82128,"Northeast","Mid Atlantic",2.5,1.1,3.6,91.1,2008,82401
"New York","Columbia","'36021'",27.3,50.3,71.6,13.8,8.4,20.3,7.1,32775,18.2,45.3,63096,"Northeast","Mid Atlantic",3.9,1.6,4.3,88.2,2008,63253
"New York","Cortland","'36023'",29.7,48.8,64.9,3.8,10,21.1,5.5,20577,13.1,35.8,49336,"Northeast","Mid Atlantic",2.2,0.8,1.4,93.7,2008,49537
"New York","Delaware","'36025'",25.4,50.2,74.2,29.7,8.4,19.6,6.5,31222,19.4,45.4,47980,"Northeast","Mid Atlantic",3.3,0.8,1.4,93.2,2008,48363
"New York","Dutchess","'36027'",33.1,49.8,69.5,3,8,22.2,6,118638,13.5,40.2,297488,"Northeast","Mid Atlantic",10.5,3.5,9.2,74.6,2008,296267
"New York","Erie","'36029'",28,48.2,64.8,0.7,9.6,21.6,8,419974,15.7,40.4,919040,"Northeast","Mid Atlantic",4.5,2.6,13,77.7,2008,920571
"New York","Essex","'36031'",25.7,51.8,73.7,29.9,7.7,19.3,6.6,25603,18.1,44.5,39370,"Northeast","Mid Atlantic",2.5,0.7,2.5,92.9,2008,39435
"New York","Franklin","'36033'",30.2,54.9,71.4,17.5,11.2,20.8,7.1,25306,13.3,39.3,51599,"Northeast","Mid Atlantic",2.9,0.4,5.5,82.6,2008,51907
"New York","Fulton","'36035'",30.1,49.5,70.9,13.7,11.3,22.2,7.4,28562,16,41.8,55531,"Northeast","Mid Atlantic",2.3,0.6,1.8,93.8,2008,55584
"New York","Genesee","'36037'",30.2,49.5,71.9,1.1,9,22.1,6.1,25589,15.6,41.5,60079,"Northeast","Mid Atlantic",2.7,0.6,2.5,91.5,2008,59895
"New York","Greene","'36039'",26.5,52.2,72.5,23.2,8.1,19.3,8.9,29210,17.3,44,49221,"Northeast","Mid Atlantic",4.9,0.8,5.3,87.1,2008,49467
"New York","Hamilton","'36041'",19.8,50.6,80.7,71.1,5.6,16.4,2.9,8694,23.4,51.3,4836,"Northeast","Mid Atlantic",1.1,0.5,0.7,96.4,2008,4893
"New York","Herkimer","'36043'",29.1,48.9,71.3,14.1,9.4,22.2,7.1,33381,16.8,42.1,64519,"Northeast","Mid Atlantic",1.6,0.5,1,95.6,2008,64404
"New York","Jefferson","'36045'",36.5,50.9,58.2,18.7,11.3,25.5,6.4,57966,11.2,32.6,116229,"Northeast","Mid Atlantic",5.3,1.3,4.7,85.8,2008,115033
"New York","Kings","'36047'",33.3,47.2,27.7,0.4,11.7,23.7,8,1000293,11.5,34.1,2504700,"Northeast","Mid Atlantic",19.8,10.4,31.9,35.7,2008,2460361
"New York","Lewis","'36049'",32.3,50.3,77,25.2,8.3,24.7,5.2,15112,15,40.2,27087,"Northeast","Mid Atlantic",1.3,0.3,0.6,96.8,2008,26878
"New York","Livingston","'36051'",29.7,50.2,73.1,4.8,8.7,20.2,5.2,27123,13.7,39.8,65393,"Northeast","Mid Atlantic",2.8,1.2,2.3,92.2,2008,65637
"New York","Madison","'36053'",31,49.1,73.8,6.8,9.3,21.8,5.8,31757,13.9,39.5,73442,"Northeast","Mid Atlantic",1.8,0.8,1.7,93.8,2008,73075
"New York","Monroe","'36055'",30.2,48.2,64.3,0.5,10.5,22.7,5.8,320593,13.9,38.5,744344,"Northeast","Mid Atlantic",7.3,3.2,14.4,72.8,2008,741018
"New York","Montgomery","'36057'",29.9,48.7,67,1.4,11.4,23.5,10.7,23063,16.6,40.8,50219,"Northeast","Mid Atlantic",11.3,0.7,1.4,85.1,2008,49951
"New York","Nassau","'36059'",36.8,48.4,79.9,0.9,6,23.3,3.4,468346,15.3,41.1,1339532,"Northeast","Mid Atlantic",14.6,7.6,10.5,65.5,2008,1325129
"New York","New York","'36061'",18.2,46.9,22.8,3.3,6.2,14.8,6.5,847090,13.5,36.4,1585873,"Northeast","Mid Atlantic",25.4,11.2,12.9,48,2008,1587022
"New York","Niagara","'36063'",28.3,48.5,69.1,1.1,9.7,21.5,7.5,99120,15.9,41.9,216469,"Northeast","Mid Atlantic",2.2,0.8,6.7,87.3,2008,215793
"New York","Oneida","'36065'",29.5,49.8,66.7,3.3,10.4,21.9,7.4,104180,16.3,40.8,234878,"Northeast","Mid Atlantic",4.6,2.8,5.8,84.8,2008,234482
"New York","Onondaga","'36067'",30.6,48.1,64.7,1.2,10.5,23,6,202357,14,38.6,467026,"Northeast","Mid Atlantic",4,3.1,10.4,79.2,2008,463472
"New York","Ontario","'36069'",30.5,48.9,73.1,5.4,8.6,22.5,5.3,48193,15.4,42.1,107931,"Northeast","Mid Atlantic",3.4,1,2.1,91.8,2008,106302
"New York","Orange","'36071'",39.9,50,68.9,1.8,9.4,27.2,6.3,137025,11,36.6,372813,"Northeast","Mid Atlantic",18,2.3,9.1,68.2,2008,370201
"New York","Orleans","'36073'",31.2,49.5,75.3,5.8,10.5,22.2,6.1,18431,14.4,41,42883,"Northeast","Mid Atlantic",4.1,0.4,5.5,87.8,2008,43254
"New York","Oswego","'36075'",33,49.8,72.2,7,11.2,23.1,6.3,53598,12.6,38.5,122109,"Northeast","Mid Atlantic",2.1,0.6,0.7,95.1,2008,122366
"New York","Otsego","'36077'",25.6,48.4,72.6,11.8,7.6,18.7,8.2,30777,16.5,40.9,62259,"Northeast","Mid Atlantic",3.1,1.1,1.5,92.7,2008,62561
"New York","Putnam","'36079'",37.2,49.9,81.9,3.7,6,23.7,4.6,38224,12.5,41.9,99710,"Northeast","Mid Atlantic",11.7,1.8,2.1,82.9,2008,99537
"New York","Queens","'36081'",33.4,48.4,43,0.7,8.8,20.7,5.9,835127,12.8,37.2,2230722,"Northeast","Mid Atlantic",27.5,22.8,17.7,27.6,2008,2193623
"New York","Rensselaer","'36083'",29.2,49.4,63.9,2.1,10.1,21.3,7.4,71475,13.6,39.2,159429,"Northeast","Mid Atlantic",3.8,2.2,6,85.7,2008,159011
"New York","Richmond","'36085'",35.6,48.5,64.1,0.4,8.6,23.3,5.9,176656,12.7,38.4,468730,"Northeast","Mid Atlantic",17.3,7.4,9.5,64,2008,463701
"New York","Rockland","'36087'",39.5,49,69.3,0.6,6.5,28.1,4,104057,13.4,36.7,311687,"Northeast","Mid Atlantic",15.7,6.1,11.1,65.3,2008,305413
"New York","St. Lawrence","'36089'",29.7,50.8,70.8,14.5,10,21.3,5.7,52133,13.9,37.5,111944,"Northeast","Mid Atlantic",1.9,1,2,92.9,2008,111684
"New York","Saratoga","'36091'",31.5,49.2,72.7,5.6,7.5,22.7,4.9,98656,13.7,40.9,219607,"Northeast","Mid Atlantic",2.4,1.8,1.4,92.7,2008,217282
"New York","Schenectady","'36093'",30.6,48.4,64.8,0.6,10.7,22.9,7.2,68196,14.9,39.8,154727,"Northeast","Mid Atlantic",5.7,3.2,8.7,77.2,2008,153360
"New York","Schoharie","'36095'",27.3,50,75.1,17.1,7.8,19.9,6.5,17231,15.9,42.5,32749,"Northeast","Mid Atlantic",2.8,0.7,1.2,93.9,2008,32890
"New York","Schuyler","'36097'",28.1,49.7,76.1,14.1,8.3,21.2,6.3,9455,17,44.2,18343,"Northeast","Mid Atlantic",1.3,0.3,0.8,96.2,2008,18644
"New York","Seneca","'36099'",28.7,52.4,73.4,9.9,9.2,21.3,6.6,16043,15.5,41,35251,"Northeast","Mid Atlantic",2.7,0.7,4.3,90.8,2008,35370
"New York","Steuben","'36101'",30.3,49.6,72.1,11,9.9,23.4,6.4,48875,15.9,41.4,98990,"Northeast","Mid Atlantic",1.4,1.2,1.5,94.4,2008,98726
"New York","Suffolk","'36103'",37.6,49.2,78.7,8.2,7.2,24,4.1,569985,13.5,39.8,1493350,"Northeast","Mid Atlantic",16.5,3.4,6.8,71.6,2008,1480218
"New York","Sullivan","'36105'",30.5,51.1,67,29.2,10.7,22.7,9.5,49186,14.8,41.7,77547,"Northeast","Mid Atlantic",13.6,1.3,8.2,74.5,2008,77755
"New York","Tioga","'36107'",31.4,49.6,77.7,2.5,8.9,23.4,5.8,22203,15.7,42.5,51125,"Northeast","Mid Atlantic",1.4,0.7,0.7,96,2008,51498
"New York","Tompkins","'36109'",24.2,49.3,54.1,1.6,7.4,16.4,4.9,41674,10.8,29.8,101564,"Northeast","Mid Atlantic",4.2,8.5,3.7,80.2,2008,100383
"New York","Ulster","'36111'",29.2,49.8,68.7,8.1,8.9,20.2,6.8,83638,14.8,42,182493,"Northeast","Mid Atlantic",8.7,1.7,5.5,81.7,2008,183174
"New York","Warren","'36113'",27.6,48.8,69.3,22.2,8.7,20.6,5.5,38726,17.1,44.1,65707,"Northeast","Mid Atlantic",1.8,0.7,0.8,95.2,2008,65848
"New York","Washington","'36115'",30.2,51.8,73.4,10,9.4,21.1,6.3,28844,15.4,41.7,63216,"Northeast","Mid Atlantic",2.3,0.4,2.7,93.3,2008,63252
"New York","Wayne","'36117'",32.6,49.6,76.8,4.5,9.7,23.8,6,41057,14.3,41.6,93772,"Northeast","Mid Atlantic",3.7,0.5,2.9,91,2008,93739
"New York","Westchester","'36119'",35.3,48.1,61.6,0.9,8,24,5.5,370821,14.7,40,949113,"Northeast","Mid Atlantic",21.8,5.4,13.3,57.4,2008,937449
"New York","Wyoming","'36121'",30,54.4,75.9,7.6,8.4,20.6,6.1,17970,13.6,40.9,42155,"Northeast","Mid Atlantic",3,0.4,5.3,90.2,2008,42281
"New York","Yates","'36123'",29.4,48.4,75.6,24,8.6,24.5,5.4,13491,16.6,40.7,25348,"Northeast","Mid Atlantic",1.7,0.4,0.8,96.1,2008,25352
"New York","Albany","'36001'",26.7,48.3,57.5,1.2,8.9,19.9,7.1,137739,13.9,38.5,304204,"Northeast","Mid Atlantic",4.9,4.8,12,76,2009,304733
"New York","Allegany","'36003'",29.5,50.5,74.5,23.7,8.8,21.6,6.7,26140,15.2,37.8,48946,"Northeast","Mid Atlantic",1.4,0.9,1,95.4,2009,48969
"New York","Bronx","'36005'",40.4,46.9,19.3,0.2,20.6,26.6,5.3,511896,10.5,32.8,1385108,"Northeast","Mid Atlantic",53.5,3.4,30.1,10.9,2009,1376261
"New York","Broome","'36007'",26.7,49,64.8,2,9.2,20.2,7.2,90563,16.4,40.2,200600,"Northeast","Mid Atlantic",3.4,3.5,4.4,86.3,2009,200935
"New York","Cattaraugus","'36009'",29.5,49.5,72.2,14.7,10.1,23.4,6.8,41111,15.5,40.7,80317,"Northeast","Mid Atlantic",1.7,0.7,1.2,91.9,2009,80491
"New York","Cayuga","'36011'",29.5,51,71.1,7.9,10,21.6,5.9,36489,15.3,41.5,80026,"Northeast","Mid Atlantic",2.4,0.5,3.8,91.3,2009,80172
"New York","Chautauqua","'36013'",28.4,49.3,68,11.3,9.9,21.8,7.6,66920,16.6,40.9,134905,"Northeast","Mid Atlantic",6.1,0.5,2,89.3,2009,135197
"New York","Chemung","'36015'",30.2,49.7,67.7,1,11.1,22.4,6.6,38369,15.7,40.9,88830,"Northeast","Mid Atlantic",2.5,1.2,6.2,87.4,2009,88849
"New York","Chenango","'36017'",30.1,49.8,75,10.5,10.1,22.7,6.8,24710,16.6,42.9,50477,"Northeast","Mid Atlantic",1.8,0.4,0.6,95.6,2009,50639
"New York","Clinton","'36019'",28.9,51.3,68.3,6.2,9.4,19.3,5.7,35888,13.3,39.1,82128,"Northeast","Mid Atlantic",2.5,1.1,3.6,91.1,2009,82280
"New York","Columbia","'36021'",27.3,50.3,71.6,13.8,8.4,20.3,7.1,32775,18.2,45.3,63096,"Northeast","Mid Atlantic",3.9,1.6,4.3,88.2,2009,63023
"New York","Cortland","'36023'",29.7,48.8,64.9,3.8,10,21.1,5.5,20577,13.1,35.8,49336,"Northeast","Mid Atlantic",2.2,0.8,1.4,93.7,2009,49358
"New York","Delaware","'36025'",25.4,50.2,74.2,29.7,8.4,19.6,6.5,31222,19.4,45.4,47980,"Northeast","Mid Atlantic",3.3,0.8,1.4,93.2,2009,48182
"New York","Dutchess","'36027'",33.1,49.8,69.5,3,8,22.2,6,118638,13.5,40.2,297488,"Northeast","Mid Atlantic",10.5,3.5,9.2,74.6,2009,296887
"New York","Erie","'36029'",28,48.2,64.8,0.7,9.6,21.6,8,419974,15.7,40.4,919040,"Northeast","Mid Atlantic",4.5,2.6,13,77.7,2009,919334
"New York","Essex","'36031'",25.7,51.8,73.7,29.9,7.7,19.3,6.6,25603,18.1,44.5,39370,"Northeast","Mid Atlantic",2.5,0.7,2.5,92.9,2009,39478
"New York","Franklin","'36033'",30.2,54.9,71.4,17.5,11.2,20.8,7.1,25306,13.3,39.3,51599,"Northeast","Mid Atlantic",2.9,0.4,5.5,82.6,2009,51706
"New York","Fulton","'36035'",30.1,49.5,70.9,13.7,11.3,22.2,7.4,28562,16,41.8,55531,"Northeast","Mid Atlantic",2.3,0.6,1.8,93.8,2009,55558
"New York","Genesee","'36037'",30.2,49.5,71.9,1.1,9,22.1,6.1,25589,15.6,41.5,60079,"Northeast","Mid Atlantic",2.7,0.6,2.5,91.5,2009,59932
"New York","Greene","'36039'",26.5,52.2,72.5,23.2,8.1,19.3,8.9,29210,17.3,44,49221,"Northeast","Mid Atlantic",4.9,0.8,5.3,87.1,2009,49372
"New York","Hamilton","'36041'",19.8,50.6,80.7,71.1,5.6,16.4,2.9,8694,23.4,51.3,4836,"Northeast","Mid Atlantic",1.1,0.5,0.7,96.4,2009,4858
"New York","Herkimer","'36043'",29.1,48.9,71.3,14.1,9.4,22.2,7.1,33381,16.8,42.1,64519,"Northeast","Mid Atlantic",1.6,0.5,1,95.6,2009,64381
"New York","Jefferson","'36045'",36.5,50.9,58.2,18.7,11.3,25.5,6.4,57966,11.2,32.6,116229,"Northeast","Mid Atlantic",5.3,1.3,4.7,85.8,2009,115023
"New York","Kings","'36047'",33.3,47.2,27.7,0.4,11.7,23.7,8,1000293,11.5,34.1,2504700,"Northeast","Mid Atlantic",19.8,10.4,31.9,35.7,2009,2487751
"New York","Lewis","'36049'",32.3,50.3,77,25.2,8.3,24.7,5.2,15112,15,40.2,27087,"Northeast","Mid Atlantic",1.3,0.3,0.6,96.8,2009,27047
"New York","Livingston","'36051'",29.7,50.2,73.1,4.8,8.7,20.2,5.2,27123,13.7,39.8,65393,"Northeast","Mid Atlantic",2.8,1.2,2.3,92.2,2009,65420
"New York","Madison","'36053'",31,49.1,73.8,6.8,9.3,21.8,5.8,31757,13.9,39.5,73442,"Northeast","Mid Atlantic",1.8,0.8,1.7,93.8,2009,73169
"New York","Monroe","'36055'",30.2,48.2,64.3,0.5,10.5,22.7,5.8,320593,13.9,38.5,744344,"Northeast","Mid Atlantic",7.3,3.2,14.4,72.8,2009,743386
"New York","Montgomery","'36057'",29.9,48.7,67,1.4,11.4,23.5,10.7,23063,16.6,40.8,50219,"Northeast","Mid Atlantic",11.3,0.7,1.4,85.1,2009,50001
"New York","Nassau","'36059'",36.8,48.4,79.9,0.9,6,23.3,3.4,468346,15.3,41.1,1339532,"Northeast","Mid Atlantic",14.6,7.6,10.5,65.5,2009,1332088
"New York","New York","'36061'",18.2,46.9,22.8,3.3,6.2,14.8,6.5,847090,13.5,36.4,1585873,"Northeast","Mid Atlantic",25.4,11.2,12.9,48,2009,1583431
"New York","Niagara","'36063'",28.3,48.5,69.1,1.1,9.7,21.5,7.5,99120,15.9,41.9,216469,"Northeast","Mid Atlantic",2.2,0.8,6.7,87.3,2009,216043
"New York","Oneida","'36065'",29.5,49.8,66.7,3.3,10.4,21.9,7.4,104180,16.3,40.8,234878,"Northeast","Mid Atlantic",4.6,2.8,5.8,84.8,2009,234619
"New York","Onondaga","'36067'",30.6,48.1,64.7,1.2,10.5,23,6,202357,14,38.6,467026,"Northeast","Mid Atlantic",4,3.1,10.4,79.2,2009,465633
"New York","Ontario","'36069'",30.5,48.9,73.1,5.4,8.6,22.5,5.3,48193,15.4,42.1,107931,"Northeast","Mid Atlantic",3.4,1,2.1,91.8,2009,107214
"New York","Orange","'36071'",39.9,50,68.9,1.8,9.4,27.2,6.3,137025,11,36.6,372813,"Northeast","Mid Atlantic",18,2.3,9.1,68.2,2009,372079
"New York","Orleans","'36073'",31.2,49.5,75.3,5.8,10.5,22.2,6.1,18431,14.4,41,42883,"Northeast","Mid Atlantic",4.1,0.4,5.5,87.8,2009,42975
"New York","Oswego","'36075'",33,49.8,72.2,7,11.2,23.1,6.3,53598,12.6,38.5,122109,"Northeast","Mid Atlantic",2.1,0.6,0.7,95.1,2009,122055
"New York","Otsego","'36077'",25.6,48.4,72.6,11.8,7.6,18.7,8.2,30777,16.5,40.9,62259,"Northeast","Mid Atlantic",3.1,1.1,1.5,92.7,2009,62280
"New York","Putnam","'36079'",37.2,49.9,81.9,3.7,6,23.7,4.6,38224,12.5,41.9,99710,"Northeast","Mid Atlantic",11.7,1.8,2.1,82.9,2009,99666
"New York","Queens","'36081'",33.4,48.4,43,0.7,8.8,20.7,5.9,835127,12.8,37.2,2230722,"Northeast","Mid Atlantic",27.5,22.8,17.7,27.6,2009,2217166
"New York","Rensselaer","'36083'",29.2,49.4,63.9,2.1,10.1,21.3,7.4,71475,13.6,39.2,159429,"Northeast","Mid Atlantic",3.8,2.2,6,85.7,2009,159150
"New York","Richmond","'36085'",35.6,48.5,64.1,0.4,8.6,23.3,5.9,176656,12.7,38.4,468730,"Northeast","Mid Atlantic",17.3,7.4,9.5,64,2009,466965
"New York","Rockland","'36087'",39.5,49,69.3,0.6,6.5,28.1,4,104057,13.4,36.7,311687,"Northeast","Mid Atlantic",15.7,6.1,11.1,65.3,2009,308652
"New York","St. Lawrence","'36089'",29.7,50.8,70.8,14.5,10,21.3,5.7,52133,13.9,37.5,111944,"Northeast","Mid Atlantic",1.9,1,2,92.9,2009,112169
"New York","Saratoga","'36091'",31.5,49.2,72.7,5.6,7.5,22.7,4.9,98656,13.7,40.9,219607,"Northeast","Mid Atlantic",2.4,1.8,1.4,92.7,2009,218652
"New York","Schenectady","'36093'",30.6,48.4,64.8,0.6,10.7,22.9,7.2,68196,14.9,39.8,154727,"Northeast","Mid Atlantic",5.7,3.2,8.7,77.2,2009,154050
"New York","Schoharie","'36095'",27.3,50,75.1,17.1,7.8,19.9,6.5,17231,15.9,42.5,32749,"Northeast","Mid Atlantic",2.8,0.7,1.2,93.9,2009,32776
"New York","Schuyler","'36097'",28.1,49.7,76.1,14.1,8.3,21.2,6.3,9455,17,44.2,18343,"Northeast","Mid Atlantic",1.3,0.3,0.8,96.2,2009,18398
"New York","Seneca","'36099'",28.7,52.4,73.4,9.9,9.2,21.3,6.6,16043,15.5,41,35251,"Northeast","Mid Atlantic",2.7,0.7,4.3,90.8,2009,35286
"New York","Steuben","'36101'",30.3,49.6,72.1,11,9.9,23.4,6.4,48875,15.9,41.4,98990,"Northeast","Mid Atlantic",1.4,1.2,1.5,94.4,2009,98949
"New York","Suffolk","'36103'",37.6,49.2,78.7,8.2,7.2,24,4.1,569985,13.5,39.8,1493350,"Northeast","Mid Atlantic",16.5,3.4,6.8,71.6,2009,1487206
"New York","Sullivan","'36105'",30.5,51.1,67,29.2,10.7,22.7,9.5,49186,14.8,41.7,77547,"Northeast","Mid Atlantic",13.6,1.3,8.2,74.5,2009,77647
"New York","Tioga","'36107'",31.4,49.6,77.7,2.5,8.9,23.4,5.8,22203,15.7,42.5,51125,"Northeast","Mid Atlantic",1.4,0.7,0.7,96,2009,51236
"New York","Tompkins","'36109'",24.2,49.3,54.1,1.6,7.4,16.4,4.9,41674,10.8,29.8,101564,"Northeast","Mid Atlantic",4.2,8.5,3.7,80.2,2009,101497
"New York","Ulster","'36111'",29.2,49.8,68.7,8.1,8.9,20.2,6.8,83638,14.8,42,182493,"Northeast","Mid Atlantic",8.7,1.7,5.5,81.7,2009,182638
"New York","Warren","'36113'",27.6,48.8,69.3,22.2,8.7,20.6,5.5,38726,17.1,44.1,65707,"Northeast","Mid Atlantic",1.8,0.7,0.8,95.2,2009,65694
"New York","Washington","'36115'",30.2,51.8,73.4,10,9.4,21.1,6.3,28844,15.4,41.7,63216,"Northeast","Mid Atlantic",2.3,0.4,2.7,93.3,2009,63077
"New York","Wayne","'36117'",32.6,49.6,76.8,4.5,9.7,23.8,6,41057,14.3,41.6,93772,"Northeast","Mid Atlantic",3.7,0.5,2.9,91,2009,93643
"New York","Westchester","'36119'",35.3,48.1,61.6,0.9,8,24,5.5,370821,14.7,40,949113,"Northeast","Mid Atlantic",21.8,5.4,13.3,57.4,2009,944201
"New York","Wyoming","'36121'",30,54.4,75.9,7.6,8.4,20.6,6.1,17970,13.6,40.9,42155,"Northeast","Mid Atlantic",3,0.4,5.3,90.2,2009,42236
"New York","Yates","'36123'",29.4,48.4,75.6,24,8.6,24.5,5.4,13491,16.6,40.7,25348,"Northeast","Mid Atlantic",1.7,0.4,0.8,96.1,2009,25303
"New York","Albany","'36001'",26.7,48.3,57.5,1.2,8.9,19.9,7.1,137739,13.9,38.5,304204,"Northeast","Mid Atlantic",4.9,4.8,12,76,2010,304204
"New York","Allegany","'36003'",29.5,50.5,74.5,23.7,8.8,21.6,6.7,26140,15.2,37.8,48946,"Northeast","Mid Atlantic",1.4,0.9,1,95.4,2010,48946
"New York","Bronx","'36005'",40.4,46.9,19.3,0.2,20.6,26.6,5.3,511896,10.5,32.8,1385108,"Northeast","Mid Atlantic",53.5,3.4,30.1,10.9,2010,1385108
"New York","Broome","'36007'",26.7,49,64.8,2,9.2,20.2,7.2,90563,16.4,40.2,200600,"Northeast","Mid Atlantic",3.4,3.5,4.4,86.3,2010,200600
"New York","Cattaraugus","'36009'",29.5,49.5,72.2,14.7,10.1,23.4,6.8,41111,15.5,40.7,80317,"Northeast","Mid Atlantic",1.7,0.7,1.2,91.9,2010,80317
"New York","Cayuga","'36011'",29.5,51,71.1,7.9,10,21.6,5.9,36489,15.3,41.5,80026,"Northeast","Mid Atlantic",2.4,0.5,3.8,91.3,2010,80026
"New York","Chautauqua","'36013'",28.4,49.3,68,11.3,9.9,21.8,7.6,66920,16.6,40.9,134905,"Northeast","Mid Atlantic",6.1,0.5,2,89.3,2010,134905
"New York","Chemung","'36015'",30.2,49.7,67.7,1,11.1,22.4,6.6,38369,15.7,40.9,88830,"Northeast","Mid Atlantic",2.5,1.2,6.2,87.4,2010,88830
"New York","Chenango","'36017'",30.1,49.8,75,10.5,10.1,22.7,6.8,24710,16.6,42.9,50477,"Northeast","Mid Atlantic",1.8,0.4,0.6,95.6,2010,50477
"New York","Clinton","'36019'",28.9,51.3,68.3,6.2,9.4,19.3,5.7,35888,13.3,39.1,82128,"Northeast","Mid Atlantic",2.5,1.1,3.6,91.1,2010,82128
"New York","Columbia","'36021'",27.3,50.3,71.6,13.8,8.4,20.3,7.1,32775,18.2,45.3,63096,"Northeast","Mid Atlantic",3.9,1.6,4.3,88.2,2010,63096
"New York","Cortland","'36023'",29.7,48.8,64.9,3.8,10,21.1,5.5,20577,13.1,35.8,49336,"Northeast","Mid Atlantic",2.2,0.8,1.4,93.7,2010,49336
"New York","Delaware","'36025'",25.4,50.2,74.2,29.7,8.4,19.6,6.5,31222,19.4,45.4,47980,"Northeast","Mid Atlantic",3.3,0.8,1.4,93.2,2010,47980
"New York","Dutchess","'36027'",33.1,49.8,69.5,3,8,22.2,6,118638,13.5,40.2,297488,"Northeast","Mid Atlantic",10.5,3.5,9.2,74.6,2010,297488
"New York","Erie","'36029'",28,48.2,64.8,0.7,9.6,21.6,8,419974,15.7,40.4,919040,"Northeast","Mid Atlantic",4.5,2.6,13,77.7,2010,919040
"New York","Essex","'36031'",25.7,51.8,73.7,29.9,7.7,19.3,6.6,25603,18.1,44.5,39370,"Northeast","Mid Atlantic",2.5,0.7,2.5,92.9,2010,39370
"New York","Franklin","'36033'",30.2,54.9,71.4,17.5,11.2,20.8,7.1,25306,13.3,39.3,51599,"Northeast","Mid Atlantic",2.9,0.4,5.5,82.6,2010,51599
"New York","Fulton","'36035'",30.1,49.5,70.9,13.7,11.3,22.2,7.4,28562,16,41.8,55531,"Northeast","Mid Atlantic",2.3,0.6,1.8,93.8,2010,55531
"New York","Genesee","'36037'",30.2,49.5,71.9,1.1,9,22.1,6.1,25589,15.6,41.5,60079,"Northeast","Mid Atlantic",2.7,0.6,2.5,91.5,2010,60079
"New York","Greene","'36039'",26.5,52.2,72.5,23.2,8.1,19.3,8.9,29210,17.3,44,49221,"Northeast","Mid Atlantic",4.9,0.8,5.3,87.1,2010,49221
"New York","Hamilton","'36041'",19.8,50.6,80.7,71.1,5.6,16.4,2.9,8694,23.4,51.3,4836,"Northeast","Mid Atlantic",1.1,0.5,0.7,96.4,2010,4836
"New York","Herkimer","'36043'",29.1,48.9,71.3,14.1,9.4,22.2,7.1,33381,16.8,42.1,64519,"Northeast","Mid Atlantic",1.6,0.5,1,95.6,2010,64519
"New York","Jefferson","'36045'",36.5,50.9,58.2,18.7,11.3,25.5,6.4,57966,11.2,32.6,116229,"Northeast","Mid Atlantic",5.3,1.3,4.7,85.8,2010,116229
"New York","Kings","'36047'",33.3,47.2,27.7,0.4,11.7,23.7,8,1000293,11.5,34.1,2504700,"Northeast","Mid Atlantic",19.8,10.4,31.9,35.7,2010,2504700
"New York","Lewis","'36049'",32.3,50.3,77,25.2,8.3,24.7,5.2,15112,15,40.2,27087,"Northeast","Mid Atlantic",1.3,0.3,0.6,96.8,2010,27087
"New York","Livingston","'36051'",29.7,50.2,73.1,4.8,8.7,20.2,5.2,27123,13.7,39.8,65393,"Northeast","Mid Atlantic",2.8,1.2,2.3,92.2,2010,65393
"New York","Madison","'36053'",31,49.1,73.8,6.8,9.3,21.8,5.8,31757,13.9,39.5,73442,"Northeast","Mid Atlantic",1.8,0.8,1.7,93.8,2010,73442
"New York","Monroe","'36055'",30.2,48.2,64.3,0.5,10.5,22.7,5.8,320593,13.9,38.5,744344,"Northeast","Mid Atlantic",7.3,3.2,14.4,72.8,2010,744344
"New York","Montgomery","'36057'",29.9,48.7,67,1.4,11.4,23.5,10.7,23063,16.6,40.8,50219,"Northeast","Mid Atlantic",11.3,0.7,1.4,85.1,2010,50219
"New York","Nassau","'36059'",36.8,48.4,79.9,0.9,6,23.3,3.4,468346,15.3,41.1,1339532,"Northeast","Mid Atlantic",14.6,7.6,10.5,65.5,2010,1339532
"New York","New York","'36061'",18.2,46.9,22.8,3.3,6.2,14.8,6.5,847090,13.5,36.4,1585873,"Northeast","Mid Atlantic",25.4,11.2,12.9,48,2010,1585873
"New York","Niagara","'36063'",28.3,48.5,69.1,1.1,9.7,21.5,7.5,99120,15.9,41.9,216469,"Northeast","Mid Atlantic",2.2,0.8,6.7,87.3,2010,216469
"New York","Oneida","'36065'",29.5,49.8,66.7,3.3,10.4,21.9,7.4,104180,16.3,40.8,234878,"Northeast","Mid Atlantic",4.6,2.8,5.8,84.8,2010,234878
"New York","Onondaga","'36067'",30.6,48.1,64.7,1.2,10.5,23,6,202357,14,38.6,467026,"Northeast","Mid Atlantic",4,3.1,10.4,79.2,2010,467026
"New York","Ontario","'36069'",30.5,48.9,73.1,5.4,8.6,22.5,5.3,48193,15.4,42.1,107931,"Northeast","Mid Atlantic",3.4,1,2.1,91.8,2010,107931
"New York","Orange","'36071'",39.9,50,68.9,1.8,9.4,27.2,6.3,137025,11,36.6,372813,"Northeast","Mid Atlantic",18,2.3,9.1,68.2,2010,372813
"New York","Orleans","'36073'",31.2,49.5,75.3,5.8,10.5,22.2,6.1,18431,14.4,41,42883,"Northeast","Mid Atlantic",4.1,0.4,5.5,87.8,2010,42883
"New York","Oswego","'36075'",33,49.8,72.2,7,11.2,23.1,6.3,53598,12.6,38.5,122109,"Northeast","Mid Atlantic",2.1,0.6,0.7,95.1,2010,122109
"New York","Otsego","'36077'",25.6,48.4,72.6,11.8,7.6,18.7,8.2,30777,16.5,40.9,62259,"Northeast","Mid Atlantic",3.1,1.1,1.5,92.7,2010,62259
"New York","Putnam","'36079'",37.2,49.9,81.9,3.7,6,23.7,4.6,38224,12.5,41.9,99710,"Northeast","Mid Atlantic",11.7,1.8,2.1,82.9,2010,99710
"New York","Queens","'36081'",33.4,48.4,43,0.7,8.8,20.7,5.9,835127,12.8,37.2,2230722,"Northeast","Mid Atlantic",27.5,22.8,17.7,27.6,2010,2230722
"New York","Rensselaer","'36083'",29.2,49.4,63.9,2.1,10.1,21.3,7.4,71475,13.6,39.2,159429,"Northeast","Mid Atlantic",3.8,2.2,6,85.7,2010,159429
"New York","Richmond","'36085'",35.6,48.5,64.1,0.4,8.6,23.3,5.9,176656,12.7,38.4,468730,"Northeast","Mid Atlantic",17.3,7.4,9.5,64,2010,468730
"New York","Rockland","'36087'",39.5,49,69.3,0.6,6.5,28.1,4,104057,13.4,36.7,311687,"Northeast","Mid Atlantic",15.7,6.1,11.1,65.3,2010,311687
"New York","St. Lawrence","'36089'",29.7,50.8,70.8,14.5,10,21.3,5.7,52133,13.9,37.5,111944,"Northeast","Mid Atlantic",1.9,1,2,92.9,2010,111944
"New York","Saratoga","'36091'",31.5,49.2,72.7,5.6,7.5,22.7,4.9,98656,13.7,40.9,219607,"Northeast","Mid Atlantic",2.4,1.8,1.4,92.7,2010,219607
"New York","Schenectady","'36093'",30.6,48.4,64.8,0.6,10.7,22.9,7.2,68196,14.9,39.8,154727,"Northeast","Mid Atlantic",5.7,3.2,8.7,77.2,2010,154727
"New York","Schoharie","'36095'",27.3,50,75.1,17.1,7.8,19.9,6.5,17231,15.9,42.5,32749,"Northeast","Mid Atlantic",2.8,0.7,1.2,93.9,2010,32749
"New York","Schuyler","'36097'",28.1,49.7,76.1,14.1,8.3,21.2,6.3,9455,17,44.2,18343,"Northeast","Mid Atlantic",1.3,0.3,0.8,96.2,2010,18343
"New York","Seneca","'36099'",28.7,52.4,73.4,9.9,9.2,21.3,6.6,16043,15.5,41,35251,"Northeast","Mid Atlantic",2.7,0.7,4.3,90.8,2010,35251
"New York","Steuben","'36101'",30.3,49.6,72.1,11,9.9,23.4,6.4,48875,15.9,41.4,98990,"Northeast","Mid Atlantic",1.4,1.2,1.5,94.4,2010,98990
"New York","Suffolk","'36103'",37.6,49.2,78.7,8.2,7.2,24,4.1,569985,13.5,39.8,1493350,"Northeast","Mid Atlantic",16.5,3.4,6.8,71.6,2010,1493350
"New York","Sullivan","'36105'",30.5,51.1,67,29.2,10.7,22.7,9.5,49186,14.8,41.7,77547,"Northeast","Mid Atlantic",13.6,1.3,8.2,74.5,2010,77547
"New York","Tioga","'36107'",31.4,49.6,77.7,2.5,8.9,23.4,5.8,22203,15.7,42.5,51125,"Northeast","Mid Atlantic",1.4,0.7,0.7,96,2010,51125
"New York","Tompkins","'36109'",24.2,49.3,54.1,1.6,7.4,16.4,4.9,41674,10.8,29.8,101564,"Northeast","Mid Atlantic",4.2,8.5,3.7,80.2,2010,101564
"New York","Ulster","'36111'",29.2,49.8,68.7,8.1,8.9,20.2,6.8,83638,14.8,42,182493,"Northeast","Mid Atlantic",8.7,1.7,5.5,81.7,2010,182493
"New York","Warren","'36113'",27.6,48.8,69.3,22.2,8.7,20.6,5.5,38726,17.1,44.1,65707,"Northeast","Mid Atlantic",1.8,0.7,0.8,95.2,2010,65707
"New York","Washington","'36115'",30.2,51.8,73.4,10,9.4,21.1,6.3,28844,15.4,41.7,63216,"Northeast","Mid Atlantic",2.3,0.4,2.7,93.3,2010,63216
"New York","Wayne","'36117'",32.6,49.6,76.8,4.5,9.7,23.8,6,41057,14.3,41.6,93772,"Northeast","Mid Atlantic",3.7,0.5,2.9,91,2010,93772
"New York","Westchester","'36119'",35.3,48.1,61.6,0.9,8,24,5.5,370821,14.7,40,949113,"Northeast","Mid Atlantic",21.8,5.4,13.3,57.4,2010,949113
"New York","Wyoming","'36121'",30,54.4,75.9,7.6,8.4,20.6,6.1,17970,13.6,40.9,42155,"Northeast","Mid Atlantic",3,0.4,5.3,90.2,2010,42155
"New York","Yates","'36123'",29.4,48.4,75.6,24,8.6,24.5,5.4,13491,16.6,40.7,25348,"Northeast","Mid Atlantic",1.7,0.4,0.8,96.1,2010,25348
